--
-- PostgreSQL database dump
--

-- Dumped from database version 10.3 (Debian 10.3-1.pgdg90+1)
-- Dumped by pg_dump version 10.1

SET statement_timeout = 0;
SET lock_timeout = 0;
SET idle_in_transaction_session_timeout = 0;
SET client_encoding = 'UTF8';
SET standard_conforming_strings = on;
SET check_function_bodies = false;
SET client_min_messages = warning;
SET row_security = off;

--
-- Name: postgres; Type: DATABASE; Schema: -; Owner: postgres
--

CREATE DATABASE postgres WITH TEMPLATE = template0 ENCODING = 'UTF8' LC_COLLATE = 'en_US.utf8' LC_CTYPE = 'en_US.utf8';


ALTER DATABASE postgres OWNER TO postgres;

\connect postgres

SET statement_timeout = 0;
SET lock_timeout = 0;
SET idle_in_transaction_session_timeout = 0;
SET client_encoding = 'UTF8';
SET standard_conforming_strings = on;
SET check_function_bodies = false;
SET client_min_messages = warning;
SET row_security = off;

--
-- Name: postgres; Type: COMMENT; Schema: -; Owner: postgres
--

COMMENT ON DATABASE postgres IS 'default administrative connection database';


--
-- Name: plpgsql; Type: EXTENSION; Schema: -; Owner: 
--

CREATE EXTENSION IF NOT EXISTS plpgsql WITH SCHEMA pg_catalog;


--
-- Name: EXTENSION plpgsql; Type: COMMENT; Schema: -; Owner: 
--

COMMENT ON EXTENSION plpgsql IS 'PL/pgSQL procedural language';


SET search_path = public, pg_catalog;

SET default_tablespace = '';

SET default_with_oids = false;

--
-- Name: cart_souvenirs; Type: TABLE; Schema: public; Owner: postgres
--

CREATE TABLE cart_souvenirs (
    "createdAt" timestamp with time zone NOT NULL,
    "updatedAt" timestamp with time zone NOT NULL,
    "cartId" integer NOT NULL,
    "souvenirId" integer NOT NULL
);


ALTER TABLE cart_souvenirs OWNER TO postgres;

--
-- Name: carts; Type: TABLE; Schema: public; Owner: postgres
--

CREATE TABLE carts (
    id integer NOT NULL,
    "createdAt" timestamp with time zone NOT NULL,
    "updatedAt" timestamp with time zone NOT NULL,
    "userId" integer
);


ALTER TABLE carts OWNER TO postgres;

--
-- Name: carts_id_seq; Type: SEQUENCE; Schema: public; Owner: postgres
--

CREATE SEQUENCE carts_id_seq
    AS integer
    START WITH 1
    INCREMENT BY 1
    NO MINVALUE
    NO MAXVALUE
    CACHE 1;


ALTER TABLE carts_id_seq OWNER TO postgres;

--
-- Name: carts_id_seq; Type: SEQUENCE OWNED BY; Schema: public; Owner: postgres
--

ALTER SEQUENCE carts_id_seq OWNED BY carts.id;


--
-- Name: countries; Type: TABLE; Schema: public; Owner: postgres
--

CREATE TABLE countries (
    id integer NOT NULL,
    name text,
    "createdAt" timestamp with time zone NOT NULL,
    "updatedAt" timestamp with time zone NOT NULL
);


ALTER TABLE countries OWNER TO postgres;

--
-- Name: countries_id_seq; Type: SEQUENCE; Schema: public; Owner: postgres
--

CREATE SEQUENCE countries_id_seq
    AS integer
    START WITH 1
    INCREMENT BY 1
    NO MINVALUE
    NO MAXVALUE
    CACHE 1;


ALTER TABLE countries_id_seq OWNER TO postgres;

--
-- Name: countries_id_seq; Type: SEQUENCE OWNED BY; Schema: public; Owner: postgres
--

ALTER SEQUENCE countries_id_seq OWNED BY countries.id;


--
-- Name: reviews; Type: TABLE; Schema: public; Owner: postgres
--

CREATE TABLE reviews (
    id integer NOT NULL,
    text text,
    rating integer,
    "isApproved" boolean DEFAULT false,
    "createdAt" timestamp with time zone NOT NULL,
    "updatedAt" timestamp with time zone NOT NULL,
    "souvenirId" integer,
    "userId" integer
);


ALTER TABLE reviews OWNER TO postgres;

--
-- Name: reviews_id_seq; Type: SEQUENCE; Schema: public; Owner: postgres
--

CREATE SEQUENCE reviews_id_seq
    AS integer
    START WITH 1
    INCREMENT BY 1
    NO MINVALUE
    NO MAXVALUE
    CACHE 1;


ALTER TABLE reviews_id_seq OWNER TO postgres;

--
-- Name: reviews_id_seq; Type: SEQUENCE OWNED BY; Schema: public; Owner: postgres
--

ALTER SEQUENCE reviews_id_seq OWNED BY reviews.id;


--
-- Name: souvenir_tags; Type: TABLE; Schema: public; Owner: postgres
--

CREATE TABLE souvenir_tags (
    "createdAt" timestamp with time zone NOT NULL,
    "updatedAt" timestamp with time zone NOT NULL,
    "souvenirId" integer NOT NULL,
    "tagId" integer NOT NULL
);


ALTER TABLE souvenir_tags OWNER TO postgres;

--
-- Name: souvenirs; Type: TABLE; Schema: public; Owner: postgres
--

CREATE TABLE souvenirs (
    id integer NOT NULL,
    name text NOT NULL,
    image text,
    price double precision NOT NULL,
    rating double precision,
    amount integer DEFAULT 0,
    "isRecent" boolean,
    "createdAt" timestamp with time zone NOT NULL,
    "updatedAt" timestamp with time zone NOT NULL,
    "countryId" integer
);


ALTER TABLE souvenirs OWNER TO postgres;

--
-- Name: souvenirs_id_seq; Type: SEQUENCE; Schema: public; Owner: postgres
--

CREATE SEQUENCE souvenirs_id_seq
    AS integer
    START WITH 1
    INCREMENT BY 1
    NO MINVALUE
    NO MAXVALUE
    CACHE 1;


ALTER TABLE souvenirs_id_seq OWNER TO postgres;

--
-- Name: souvenirs_id_seq; Type: SEQUENCE OWNED BY; Schema: public; Owner: postgres
--

ALTER SEQUENCE souvenirs_id_seq OWNED BY souvenirs.id;


--
-- Name: tags; Type: TABLE; Schema: public; Owner: postgres
--

CREATE TABLE tags (
    id integer NOT NULL,
    name text,
    "createdAt" timestamp with time zone NOT NULL,
    "updatedAt" timestamp with time zone NOT NULL
);


ALTER TABLE tags OWNER TO postgres;

--
-- Name: tags_id_seq; Type: SEQUENCE; Schema: public; Owner: postgres
--

CREATE SEQUENCE tags_id_seq
    AS integer
    START WITH 1
    INCREMENT BY 1
    NO MINVALUE
    NO MAXVALUE
    CACHE 1;


ALTER TABLE tags_id_seq OWNER TO postgres;

--
-- Name: tags_id_seq; Type: SEQUENCE OWNED BY; Schema: public; Owner: postgres
--

ALTER SEQUENCE tags_id_seq OWNED BY tags.id;


--
-- Name: users; Type: TABLE; Schema: public; Owner: postgres
--

CREATE TABLE users (
    id integer NOT NULL,
    login text,
    "createdAt" timestamp with time zone NOT NULL,
    "updatedAt" timestamp with time zone NOT NULL
);


ALTER TABLE users OWNER TO postgres;

--
-- Name: users_id_seq; Type: SEQUENCE; Schema: public; Owner: postgres
--

CREATE SEQUENCE users_id_seq
    AS integer
    START WITH 1
    INCREMENT BY 1
    NO MINVALUE
    NO MAXVALUE
    CACHE 1;


ALTER TABLE users_id_seq OWNER TO postgres;

--
-- Name: users_id_seq; Type: SEQUENCE OWNED BY; Schema: public; Owner: postgres
--

ALTER SEQUENCE users_id_seq OWNED BY users.id;


--
-- Name: carts id; Type: DEFAULT; Schema: public; Owner: postgres
--

ALTER TABLE ONLY carts ALTER COLUMN id SET DEFAULT nextval('carts_id_seq'::regclass);


--
-- Name: countries id; Type: DEFAULT; Schema: public; Owner: postgres
--

ALTER TABLE ONLY countries ALTER COLUMN id SET DEFAULT nextval('countries_id_seq'::regclass);


--
-- Name: reviews id; Type: DEFAULT; Schema: public; Owner: postgres
--

ALTER TABLE ONLY reviews ALTER COLUMN id SET DEFAULT nextval('reviews_id_seq'::regclass);


--
-- Name: souvenirs id; Type: DEFAULT; Schema: public; Owner: postgres
--

ALTER TABLE ONLY souvenirs ALTER COLUMN id SET DEFAULT nextval('souvenirs_id_seq'::regclass);


--
-- Name: tags id; Type: DEFAULT; Schema: public; Owner: postgres
--

ALTER TABLE ONLY tags ALTER COLUMN id SET DEFAULT nextval('tags_id_seq'::regclass);


--
-- Name: users id; Type: DEFAULT; Schema: public; Owner: postgres
--

ALTER TABLE ONLY users ALTER COLUMN id SET DEFAULT nextval('users_id_seq'::regclass);


--
-- Data for Name: cart_souvenirs; Type: TABLE DATA; Schema: public; Owner: postgres
--

COPY cart_souvenirs ("createdAt", "updatedAt", "cartId", "souvenirId") FROM stdin;
2018-04-16 15:19:43.718+00	2018-04-16 15:19:43.718+00	1	15
2018-04-16 15:19:43.718+00	2018-04-16 15:19:43.718+00	1	73
2018-04-16 15:19:43.718+00	2018-04-16 15:19:43.718+00	1	48
2018-04-16 15:19:43.718+00	2018-04-16 15:19:43.718+00	1	74
2018-04-16 15:19:43.729+00	2018-04-16 15:19:43.729+00	2	89
2018-04-16 15:19:43.729+00	2018-04-16 15:19:43.729+00	2	18
2018-04-16 15:19:43.729+00	2018-04-16 15:19:43.729+00	2	77
2018-04-16 15:19:43.729+00	2018-04-16 15:19:43.729+00	2	49
2018-04-16 15:19:43.729+00	2018-04-16 15:19:43.729+00	2	46
2018-04-16 15:19:43.742+00	2018-04-16 15:19:43.742+00	3	75
2018-04-16 15:19:43.742+00	2018-04-16 15:19:43.742+00	3	26
2018-04-16 15:19:43.752+00	2018-04-16 15:19:43.752+00	4	55
2018-04-16 15:19:43.752+00	2018-04-16 15:19:43.752+00	4	1
2018-04-16 15:19:43.752+00	2018-04-16 15:19:43.752+00	4	81
2018-04-16 15:19:43.763+00	2018-04-16 15:19:43.763+00	5	79
2018-04-16 15:19:43.763+00	2018-04-16 15:19:43.763+00	5	18
2018-04-16 15:19:43.772+00	2018-04-16 15:19:43.772+00	6	68
2018-04-16 15:19:43.772+00	2018-04-16 15:19:43.772+00	6	6
2018-04-16 15:19:43.772+00	2018-04-16 15:19:43.772+00	6	91
2018-04-16 15:19:43.772+00	2018-04-16 15:19:43.772+00	6	52
2018-04-16 15:19:43.79+00	2018-04-16 15:19:43.79+00	8	2
2018-04-16 15:19:43.79+00	2018-04-16 15:19:43.79+00	8	20
2018-04-16 15:19:43.804+00	2018-04-16 15:19:43.804+00	10	80
2018-04-16 15:19:43.804+00	2018-04-16 15:19:43.804+00	10	16
2018-04-16 15:19:43.813+00	2018-04-16 15:19:43.813+00	11	15
2018-04-16 15:19:43.813+00	2018-04-16 15:19:43.813+00	11	85
2018-04-16 15:19:43.813+00	2018-04-16 15:19:43.813+00	11	58
2018-04-16 15:19:43.813+00	2018-04-16 15:19:43.813+00	11	93
2018-04-16 15:19:43.813+00	2018-04-16 15:19:43.813+00	11	28
2018-04-16 15:19:43.822+00	2018-04-16 15:19:43.822+00	12	39
2018-04-16 15:19:43.822+00	2018-04-16 15:19:43.822+00	12	85
2018-04-16 15:19:43.822+00	2018-04-16 15:19:43.822+00	12	22
2018-04-16 15:19:43.822+00	2018-04-16 15:19:43.822+00	12	93
2018-04-16 15:19:43.822+00	2018-04-16 15:19:43.822+00	12	24
2018-04-16 15:19:43.83+00	2018-04-16 15:19:43.83+00	13	41
2018-04-16 15:19:43.83+00	2018-04-16 15:19:43.83+00	13	71
2018-04-16 15:19:43.83+00	2018-04-16 15:19:43.83+00	13	37
2018-04-16 15:19:43.83+00	2018-04-16 15:19:43.83+00	13	53
2018-04-16 15:19:43.84+00	2018-04-16 15:19:43.84+00	14	100
2018-04-16 15:19:43.84+00	2018-04-16 15:19:43.84+00	14	77
2018-04-16 15:19:43.84+00	2018-04-16 15:19:43.84+00	14	71
2018-04-16 15:19:43.84+00	2018-04-16 15:19:43.84+00	14	8
2018-04-16 15:19:43.84+00	2018-04-16 15:19:43.84+00	14	44
2018-04-16 15:19:43.852+00	2018-04-16 15:19:43.852+00	15	62
2018-04-16 15:19:43.852+00	2018-04-16 15:19:43.852+00	15	56
2018-04-16 15:19:43.852+00	2018-04-16 15:19:43.852+00	15	84
\.


--
-- Data for Name: carts; Type: TABLE DATA; Schema: public; Owner: postgres
--

COPY carts (id, "createdAt", "updatedAt", "userId") FROM stdin;
1	2018-04-16 15:19:40.149+00	2018-04-16 15:19:40.154+00	1
2	2018-04-16 15:19:40.16+00	2018-04-16 15:19:40.164+00	2
3	2018-04-16 15:19:40.167+00	2018-04-16 15:19:40.171+00	3
4	2018-04-16 15:19:40.175+00	2018-04-16 15:19:40.178+00	4
5	2018-04-16 15:19:40.182+00	2018-04-16 15:19:40.186+00	5
6	2018-04-16 15:19:40.189+00	2018-04-16 15:19:40.193+00	6
7	2018-04-16 15:19:40.197+00	2018-04-16 15:19:40.2+00	7
8	2018-04-16 15:19:40.204+00	2018-04-16 15:19:40.208+00	8
9	2018-04-16 15:19:40.211+00	2018-04-16 15:19:40.215+00	9
10	2018-04-16 15:19:40.219+00	2018-04-16 15:19:40.222+00	10
11	2018-04-16 15:19:40.227+00	2018-04-16 15:19:40.232+00	11
12	2018-04-16 15:19:40.236+00	2018-04-16 15:19:40.239+00	12
13	2018-04-16 15:19:40.243+00	2018-04-16 15:19:40.247+00	13
14	2018-04-16 15:19:40.251+00	2018-04-16 15:19:40.257+00	14
15	2018-04-16 15:19:40.261+00	2018-04-16 15:19:40.265+00	15
\.


--
-- Data for Name: countries; Type: TABLE DATA; Schema: public; Owner: postgres
--

COPY countries (id, name, "createdAt", "updatedAt") FROM stdin;
1	Греция	2018-04-16 15:19:40.269+00	2018-04-16 15:19:40.269+00
2	Египет	2018-04-16 15:19:40.273+00	2018-04-16 15:19:40.273+00
3	Испания	2018-04-16 15:19:40.277+00	2018-04-16 15:19:40.277+00
4	Италия	2018-04-16 15:19:40.281+00	2018-04-16 15:19:40.281+00
5	Кипр	2018-04-16 15:19:40.285+00	2018-04-16 15:19:40.285+00
6	США	2018-04-16 15:19:40.289+00	2018-04-16 15:19:40.289+00
7	Турция	2018-04-16 15:19:40.295+00	2018-04-16 15:19:40.295+00
8	Чехия	2018-04-16 15:19:40.299+00	2018-04-16 15:19:40.299+00
9	Япония	2018-04-16 15:19:40.303+00	2018-04-16 15:19:40.303+00
\.


--
-- Data for Name: reviews; Type: TABLE DATA; Schema: public; Owner: postgres
--

COPY reviews (id, text, rating, "isApproved", "createdAt", "updatedAt", "souvenirId", "userId") FROM stdin;
1	Не понимаю, кому это может быть интересно	1	f	2018-04-16 15:19:40.369+00	2018-04-16 15:19:40.403+00	2	13
2	Не понимаю, кому это может быть интересно	1	f	2018-04-16 15:19:40.377+00	2018-04-16 15:19:40.403+00	2	11
3	У меня был такой сувенир, я сам его привез из Турции, но он мне быстро надоел, никому не советую	2	f	2018-04-16 15:19:40.409+00	2018-04-16 15:19:40.457+00	3	12
4	5	5	t	2018-04-16 15:19:40.417+00	2018-04-16 15:19:40.457+00	3	1
5	Все хорошо, но сувенир меньше, чем на картинке!	4	t	2018-04-16 15:19:40.423+00	2018-04-16 15:19:40.457+00	3	3
6	Товар очень понравился. Привезли вовремя, лайк!	4	t	2018-04-16 15:19:40.431+00	2018-04-16 15:19:40.457+00	3	2
7	5	5	t	2018-04-16 15:19:40.438+00	2018-04-16 15:19:40.457+00	3	8
19	Крутая штука	5	t	2018-04-16 15:19:40.615+00	2018-04-16 15:19:40.651+00	8	9
20	Я сувениры ни разу не покупал, но в этот раз обязательно куплю!	5	t	2018-04-16 15:19:40.622+00	2018-04-16 15:19:40.651+00	8	10
21	雰しぐれ富士をみぬ日ぞ面白き	5	f	2018-04-16 15:19:40.628+00	2018-04-16 15:19:40.651+00	8	13
18	Кто это придумал???	2	t	2018-04-16 15:19:40.608+00	2018-04-16 15:19:40.651+00	8	14
8	Товар очень понравился. Привезли вовремя, лайк!	4	t	2018-04-16 15:19:40.475+00	2018-04-16 15:19:40.517+00	5	6
9	Все хорошо, но сувенир меньше, чем на картинке!	4	f	2018-04-16 15:19:40.483+00	2018-04-16 15:19:40.517+00	5	15
10	Все хорошо, но сувенир меньше, чем на картинке!	4	t	2018-04-16 15:19:40.49+00	2018-04-16 15:19:40.517+00	5	4
11	Очень плохо	1	t	2018-04-16 15:19:40.497+00	2018-04-16 15:19:40.517+00	5	11
12	У меня был такой сувенир, я сам его привез из Турции, но он мне быстро надоел, никому не советую	3	f	2018-04-16 15:19:40.521+00	2018-04-16 15:19:40.545+00	6	15
32	Не понимаю, кому это может быть интересно	1	t	2018-04-16 15:19:40.823+00	2018-04-16 15:19:40.854+00	13	7
33	Кто это придумал???	3	t	2018-04-16 15:19:40.831+00	2018-04-16 15:19:40.854+00	13	4
13	Все хорошо, но сувенир меньше, чем на картинке!	4	t	2018-04-16 15:19:40.55+00	2018-04-16 15:19:40.604+00	7	6
14	Не понимаю, кому это может быть интересно	1	f	2018-04-16 15:19:40.558+00	2018-04-16 15:19:40.604+00	7	5
15	У меня был такой сувенир, я сам его привез из Турции, но он мне быстро надоел, никому не советую	2	f	2018-04-16 15:19:40.565+00	2018-04-16 15:19:40.604+00	7	4
16	Крутая штука	4	t	2018-04-16 15:19:40.572+00	2018-04-16 15:19:40.604+00	7	15
17	5	5	t	2018-04-16 15:19:40.579+00	2018-04-16 15:19:40.604+00	7	12
22	У меня был такой сувенир, я сам его привез из Турции, но он мне быстро надоел, никому не советую	3	t	2018-04-16 15:19:40.654+00	2018-04-16 15:19:40.696+00	9	12
23	5	5	t	2018-04-16 15:19:40.661+00	2018-04-16 15:19:40.696+00	9	8
24	Крутая штука	5	f	2018-04-16 15:19:40.669+00	2018-04-16 15:19:40.696+00	9	9
34	У меня был такой сувенир, я сам его привез из Турции, но он мне быстро надоел, никому не советую	3	t	2018-04-16 15:19:40.859+00	2018-04-16 15:19:40.88+00	14	10
25	雰しぐれ富士をみぬ日ぞ面白き	2	f	2018-04-16 15:19:40.7+00	2018-04-16 15:19:40.733+00	10	5
26	Крутая штука	4	t	2018-04-16 15:19:40.708+00	2018-04-16 15:19:40.733+00	10	8
27	5	5	t	2018-04-16 15:19:40.736+00	2018-04-16 15:19:40.801+00	11	3
28	Я сувениры ни разу не покупал, но в этот раз обязательно куплю!	5	t	2018-04-16 15:19:40.744+00	2018-04-16 15:19:40.801+00	11	9
29	Не понимаю, кому это может быть интересно	1	f	2018-04-16 15:19:40.753+00	2018-04-16 15:19:40.801+00	11	2
30	Кто это придумал???	4	f	2018-04-16 15:19:40.762+00	2018-04-16 15:19:40.801+00	11	15
31	Все хорошо, но сувенир меньше, чем на картинке!	3	f	2018-04-16 15:19:40.77+00	2018-04-16 15:19:40.801+00	11	1
35	Все хорошо, но сувенир меньше, чем на картинке!	4	t	2018-04-16 15:19:40.884+00	2018-04-16 15:19:40.927+00	15	10
36	Товар очень понравился. Привезли вовремя, лайк!	5	t	2018-04-16 15:19:40.891+00	2018-04-16 15:19:40.927+00	15	7
37	Я сувениры ни разу не покупал, но в этот раз обязательно куплю!	5	f	2018-04-16 15:19:40.898+00	2018-04-16 15:19:40.927+00	15	9
38	Очень плохо	2	t	2018-04-16 15:19:40.906+00	2018-04-16 15:19:40.927+00	15	1
40	Крутая штука	4	f	2018-04-16 15:19:40.938+00	2018-04-16 15:19:40.972+00	16	9
41	Крутая штука	4	t	2018-04-16 15:19:40.945+00	2018-04-16 15:19:40.972+00	16	8
42	У меня был такой сувенир, я сам его привез из Турции, но он мне быстро надоел, никому не советую	3	f	2018-04-16 15:19:40.951+00	2018-04-16 15:19:40.972+00	16	11
39	Я сувениры ни разу не покупал, но в этот раз обязательно куплю!	5	t	2018-04-16 15:19:40.931+00	2018-04-16 15:19:40.972+00	16	7
48	Товар очень понравился. Привезли вовремя, лайк!	4	f	2018-04-16 15:19:41.069+00	2018-04-16 15:19:41.095+00	19	3
45	Не понимаю, кому это может быть интересно	1	t	2018-04-16 15:19:40.99+00	2018-04-16 15:19:41.053+00	17	8
46	雰しぐれ富士をみぬ日ぞ面白き	4	t	2018-04-16 15:19:40.997+00	2018-04-16 15:19:41.053+00	17	13
43	5	5	t	2018-04-16 15:19:40.976+00	2018-04-16 15:19:41.053+00	17	7
44	Товар очень понравился. Привезли вовремя, лайк!	5	t	2018-04-16 15:19:40.983+00	2018-04-16 15:19:41.053+00	17	10
47	5	5	f	2018-04-16 15:19:41.004+00	2018-04-16 15:19:41.053+00	17	6
56	Все хорошо, но сувенир меньше, чем на картинке!	4	t	2018-04-16 15:19:41.2+00	2018-04-16 15:19:41.23+00	22	1
49	Крутая штука	5	f	2018-04-16 15:19:41.099+00	2018-04-16 15:19:41.15+00	20	7
50	Очень плохо	2	f	2018-04-16 15:19:41.109+00	2018-04-16 15:19:41.15+00	20	12
51	雰しぐれ富士をみぬ日ぞ面白き	4	t	2018-04-16 15:19:41.116+00	2018-04-16 15:19:41.15+00	20	9
52	Товар очень понравился. Привезли вовремя, лайк!	4	t	2018-04-16 15:19:41.123+00	2018-04-16 15:19:41.15+00	20	15
54	Товар очень понравился. Привезли вовремя, лайк!	4	f	2018-04-16 15:19:41.164+00	2018-04-16 15:19:41.196+00	21	2
55	5	5	f	2018-04-16 15:19:41.173+00	2018-04-16 15:19:41.196+00	21	13
53	Товар очень понравился. Привезли вовремя, лайк!	5	f	2018-04-16 15:19:41.155+00	2018-04-16 15:19:41.196+00	21	11
57	Не понимаю, кому это может быть интересно	1	t	2018-04-16 15:19:41.251+00	2018-04-16 15:19:41.28+00	24	2
58	Крутая штука	5	f	2018-04-16 15:19:41.258+00	2018-04-16 15:19:41.28+00	24	12
81	Очень плохо	2	t	2018-04-16 15:19:41.567+00	2018-04-16 15:19:41.594+00	33	10
82	У меня был такой сувенир, я сам его привез из Турции, но он мне быстро надоел, никому не советую	3	t	2018-04-16 15:19:41.573+00	2018-04-16 15:19:41.594+00	33	9
59	Товар очень понравился. Привезли вовремя, лайк!	4	f	2018-04-16 15:19:41.284+00	2018-04-16 15:19:41.316+00	25	2
60	5	5	f	2018-04-16 15:19:41.29+00	2018-04-16 15:19:41.316+00	25	15
61	Не понимаю, кому это может быть интересно	1	t	2018-04-16 15:19:41.296+00	2018-04-16 15:19:41.316+00	25	1
62	Кто это придумал???	2	f	2018-04-16 15:19:41.32+00	2018-04-16 15:19:41.359+00	26	11
63	5	5	f	2018-04-16 15:19:41.326+00	2018-04-16 15:19:41.359+00	26	3
64	Очень плохо	1	t	2018-04-16 15:19:41.332+00	2018-04-16 15:19:41.359+00	26	10
65	5	5	f	2018-04-16 15:19:41.339+00	2018-04-16 15:19:41.359+00	26	8
102	Все хорошо, но сувенир меньше, чем на картинке!	4	t	2018-04-16 15:19:41.916+00	2018-04-16 15:19:41.936+00	46	3
84	5	5	t	2018-04-16 15:19:41.631+00	2018-04-16 15:19:41.652+00	36	9
66	5	5	t	2018-04-16 15:19:41.378+00	2018-04-16 15:19:41.406+00	28	10
67	Не понимаю, кому это может быть интересно	1	f	2018-04-16 15:19:41.385+00	2018-04-16 15:19:41.406+00	28	15
68	Не понимаю, кому это может быть интересно	1	t	2018-04-16 15:19:41.41+00	2018-04-16 15:19:41.451+00	29	5
69	Я сувениры ни разу не покупал, но в этот раз обязательно куплю!	5	f	2018-04-16 15:19:41.417+00	2018-04-16 15:19:41.451+00	29	10
70	Я сувениры ни разу не покупал, но в этот раз обязательно куплю!	5	t	2018-04-16 15:19:41.423+00	2018-04-16 15:19:41.451+00	29	1
71	Очень плохо	1	f	2018-04-16 15:19:41.43+00	2018-04-16 15:19:41.451+00	29	9
95	Все хорошо, но сувенир меньше, чем на картинке!	3	t	2018-04-16 15:19:41.754+00	2018-04-16 15:19:41.783+00	39	6
85	Кто это придумал???	1	t	2018-04-16 15:19:41.655+00	2018-04-16 15:19:41.689+00	37	9
86	Все хорошо, но сувенир меньше, чем на картинке!	3	t	2018-04-16 15:19:41.661+00	2018-04-16 15:19:41.689+00	37	15
87	Очень плохо	2	f	2018-04-16 15:19:41.668+00	2018-04-16 15:19:41.689+00	37	10
77	Все хорошо, но сувенир меньше, чем на картинке!	4	f	2018-04-16 15:19:41.502+00	2018-04-16 15:19:41.524+00	31	12
96	Кто это придумал???	3	t	2018-04-16 15:19:41.761+00	2018-04-16 15:19:41.783+00	39	14
93	Очень плохо	1	t	2018-04-16 15:19:41.741+00	2018-04-16 15:19:41.783+00	39	13
78	5	5	f	2018-04-16 15:19:41.527+00	2018-04-16 15:19:41.563+00	32	4
79	Все хорошо, но сувенир меньше, чем на картинке!	4	t	2018-04-16 15:19:41.534+00	2018-04-16 15:19:41.563+00	32	9
80	Очень плохо	1	t	2018-04-16 15:19:41.541+00	2018-04-16 15:19:41.563+00	32	2
94	Не понимаю, кому это может быть интересно	1	f	2018-04-16 15:19:41.747+00	2018-04-16 15:19:41.783+00	39	4
97	Все хорошо, но сувенир меньше, чем на картинке!	4	f	2018-04-16 15:19:41.831+00	2018-04-16 15:19:41.855+00	43	3
88	Я сувениры ни разу не покупал, но в этот раз обязательно куплю!	5	t	2018-04-16 15:19:41.692+00	2018-04-16 15:19:41.737+00	38	1
89	Кто это придумал???	5	f	2018-04-16 15:19:41.698+00	2018-04-16 15:19:41.737+00	38	12
90	Не понимаю, кому это может быть интересно	1	f	2018-04-16 15:19:41.704+00	2018-04-16 15:19:41.737+00	38	6
91	Я сувениры ни разу не покупал, но в этот раз обязательно куплю!	5	f	2018-04-16 15:19:41.71+00	2018-04-16 15:19:41.737+00	38	2
92	Кто это придумал???	2	f	2018-04-16 15:19:41.716+00	2018-04-16 15:19:41.737+00	38	7
109	Все хорошо, но сувенир меньше, чем на картинке!	3	f	2018-04-16 15:19:42.014+00	2018-04-16 15:19:42.033+00	49	5
98	雰しぐれ富士をみぬ日ぞ面白き	2	f	2018-04-16 15:19:41.872+00	2018-04-16 15:19:41.912+00	45	7
99	雰しぐれ富士をみぬ日ぞ面白き	5	f	2018-04-16 15:19:41.878+00	2018-04-16 15:19:41.912+00	45	4
100	雰しぐれ富士をみぬ日ぞ面白き	3	f	2018-04-16 15:19:41.884+00	2018-04-16 15:19:41.912+00	45	14
101	Кто это придумал???	5	f	2018-04-16 15:19:41.891+00	2018-04-16 15:19:41.912+00	45	6
108	Не понимаю, кому это может быть интересно	1	f	2018-04-16 15:19:42.007+00	2018-04-16 15:19:42.033+00	49	7
104	5	5	f	2018-04-16 15:19:41.965+00	2018-04-16 15:19:42.004+00	48	8
105	Крутая штука	4	t	2018-04-16 15:19:41.974+00	2018-04-16 15:19:42.004+00	48	5
106	Товар очень понравился. Привезли вовремя, лайк!	4	t	2018-04-16 15:19:41.979+00	2018-04-16 15:19:42.004+00	48	7
107	Кто это придумал???	4	f	2018-04-16 15:19:41.986+00	2018-04-16 15:19:42.004+00	48	12
218	Очень плохо	2	f	2018-04-16 15:19:43.315+00	2018-04-16 15:19:43.333+00	87	12
110	Очень плохо	2	t	2018-04-16 15:19:42.036+00	2018-04-16 15:19:42.062+00	50	13
111	Кто это придумал???	3	f	2018-04-16 15:19:42.042+00	2018-04-16 15:19:42.062+00	50	14
114	雰しぐれ富士をみぬ日ぞ面白き	2	f	2018-04-16 15:19:42.108+00	2018-04-16 15:19:42.136+00	53	10
115	У меня был такой сувенир, я сам его привез из Турции, но он мне быстро надоел, никому не советую	3	t	2018-04-16 15:19:42.114+00	2018-04-16 15:19:42.136+00	53	12
117	У меня был такой сувенир, я сам его привез из Турции, но он мне быстро надоел, никому не советую	2	t	2018-04-16 15:19:42.146+00	2018-04-16 15:19:42.163+00	54	8
219	Товар очень понравился. Привезли вовремя, лайк!	4	t	2018-04-16 15:19:43.336+00	2018-04-16 15:19:43.358+00	88	7
72	5	5	t	2018-04-16 15:19:41.454+00	2018-04-16 15:19:41.499+00	\N	4
73	Крутая штука	4	f	2018-04-16 15:19:41.461+00	2018-04-16 15:19:41.499+00	\N	10
220	Все хорошо, но сувенир меньше, чем на картинке!	4	t	2018-04-16 15:19:43.375+00	2018-04-16 15:19:43.4+00	90	12
74	Крутая штука	4	t	2018-04-16 15:19:41.468+00	2018-04-16 15:19:41.499+00	\N	14
116	У меня был такой сувенир, я сам его привез из Турции, но он мне быстро надоел, никому не советую	3	t	2018-04-16 15:19:42.14+00	2018-04-16 15:19:42.163+00	54	5
221	Кто это придумал???	2	t	2018-04-16 15:19:43.381+00	2018-04-16 15:19:43.4+00	90	14
118	Не понимаю, кому это может быть интересно	1	f	2018-04-16 15:19:42.18+00	2018-04-16 15:19:42.212+00	56	13
119	Товар очень понравился. Привезли вовремя, лайк!	5	t	2018-04-16 15:19:42.187+00	2018-04-16 15:19:42.212+00	56	11
120	雰しぐれ富士をみぬ日ぞ面白き	4	t	2018-04-16 15:19:42.193+00	2018-04-16 15:19:42.212+00	56	4
135	Все хорошо, но сувенир меньше, чем на картинке!	4	f	2018-04-16 15:19:42.391+00	2018-04-16 15:19:42.41+00	62	14
132	У меня был такой сувенир, я сам его привез из Турции, но он мне быстро надоел, никому не советую	3	t	2018-04-16 15:19:42.372+00	2018-04-16 15:19:42.41+00	62	3
121	Я сувениры ни разу не покупал, но в этот раз обязательно куплю!	5	f	2018-04-16 15:19:42.215+00	2018-04-16 15:19:42.238+00	57	1
122	У меня был такой сувенир, я сам его привез из Турции, но он мне быстро надоел, никому не советую	3	f	2018-04-16 15:19:42.222+00	2018-04-16 15:19:42.238+00	57	5
133	У меня был такой сувенир, я сам его привез из Турции, но он мне быстро надоел, никому не советую	2	f	2018-04-16 15:19:42.378+00	2018-04-16 15:19:42.41+00	62	8
134	У меня был такой сувенир, я сам его привез из Турции, но он мне быстро надоел, никому не советую	2	t	2018-04-16 15:19:42.384+00	2018-04-16 15:19:42.41+00	62	9
123	Не понимаю, кому это может быть интересно	1	t	2018-04-16 15:19:42.241+00	2018-04-16 15:19:42.275+00	58	6
124	Очень плохо	2	f	2018-04-16 15:19:42.248+00	2018-04-16 15:19:42.275+00	58	5
125	Товар очень понравился. Привезли вовремя, лайк!	4	f	2018-04-16 15:19:42.255+00	2018-04-16 15:19:42.275+00	58	2
126	Кто это придумал???	2	f	2018-04-16 15:19:42.278+00	2018-04-16 15:19:42.304+00	59	13
127	Крутая штука	5	f	2018-04-16 15:19:42.284+00	2018-04-16 15:19:42.304+00	59	3
145	Товар очень понравился. Привезли вовремя, лайк!	4	f	2018-04-16 15:19:42.503+00	2018-04-16 15:19:42.52+00	65	3
128	У меня был такой сувенир, я сам его привез из Турции, но он мне быстро надоел, никому не советую	2	f	2018-04-16 15:19:42.307+00	2018-04-16 15:19:42.33+00	60	12
142	Кто это придумал???	4	t	2018-04-16 15:19:42.483+00	2018-04-16 15:19:42.52+00	65	11
129	5	5	f	2018-04-16 15:19:42.333+00	2018-04-16 15:19:42.369+00	61	14
130	У меня был такой сувенир, я сам его привез из Турции, но он мне быстро надоел, никому не советую	2	f	2018-04-16 15:19:42.34+00	2018-04-16 15:19:42.369+00	61	11
131	Все хорошо, но сувенир меньше, чем на картинке!	4	t	2018-04-16 15:19:42.348+00	2018-04-16 15:19:42.369+00	61	1
143	5	5	t	2018-04-16 15:19:42.49+00	2018-04-16 15:19:42.52+00	65	8
144	Товар очень понравился. Привезли вовремя, лайк!	5	t	2018-04-16 15:19:42.497+00	2018-04-16 15:19:42.52+00	65	10
136	雰しぐれ富士をみぬ日ぞ面白き	3	t	2018-04-16 15:19:42.413+00	2018-04-16 15:19:42.458+00	63	15
137	Я сувениры ни разу не покупал, но в этот раз обязательно куплю!	5	f	2018-04-16 15:19:42.419+00	2018-04-16 15:19:42.458+00	63	7
138	雰しぐれ富士をみぬ日ぞ面白き	3	t	2018-04-16 15:19:42.426+00	2018-04-16 15:19:42.458+00	63	13
139	5	5	f	2018-04-16 15:19:42.432+00	2018-04-16 15:19:42.458+00	63	1
140	У меня был такой сувенир, я сам его привез из Турции, но он мне быстро надоел, никому не советую	3	f	2018-04-16 15:19:42.439+00	2018-04-16 15:19:42.458+00	63	8
141	Очень плохо	1	t	2018-04-16 15:19:42.461+00	2018-04-16 15:19:42.48+00	64	8
152	У меня был такой сувенир, я сам его привез из Турции, но он мне быстро надоел, никому не советую	3	f	2018-04-16 15:19:42.573+00	2018-04-16 15:19:42.601+00	67	5
153	Я сувениры ни разу не покупал, но в этот раз обязательно куплю!	5	t	2018-04-16 15:19:42.58+00	2018-04-16 15:19:42.601+00	67	8
151	Все хорошо, но сувенир меньше, чем на картинке!	4	t	2018-04-16 15:19:42.568+00	2018-04-16 15:19:42.601+00	67	2
146	Крутая штука	4	t	2018-04-16 15:19:42.523+00	2018-04-16 15:19:42.564+00	66	8
147	У меня был такой сувенир, я сам его привез из Турции, но он мне быстро надоел, никому не советую	2	f	2018-04-16 15:19:42.529+00	2018-04-16 15:19:42.564+00	66	10
148	У меня был такой сувенир, я сам его привез из Турции, но он мне быстро надоел, никому не советую	3	f	2018-04-16 15:19:42.535+00	2018-04-16 15:19:42.564+00	66	4
149	Я сувениры ни разу не покупал, но в этот раз обязательно куплю!	5	f	2018-04-16 15:19:42.542+00	2018-04-16 15:19:42.564+00	66	14
150	Кто это придумал???	4	f	2018-04-16 15:19:42.548+00	2018-04-16 15:19:42.564+00	66	2
156	5	5	f	2018-04-16 15:19:42.617+00	2018-04-16 15:19:42.65+00	68	8
154	Очень плохо	1	t	2018-04-16 15:19:42.604+00	2018-04-16 15:19:42.65+00	68	4
155	5	5	f	2018-04-16 15:19:42.611+00	2018-04-16 15:19:42.65+00	68	14
157	雰しぐれ富士をみぬ日ぞ面白き	4	t	2018-04-16 15:19:42.623+00	2018-04-16 15:19:42.65+00	68	10
158	Не понимаю, кому это может быть интересно	1	f	2018-04-16 15:19:42.629+00	2018-04-16 15:19:42.65+00	68	9
160	Не понимаю, кому это может быть интересно	1	f	2018-04-16 15:19:42.659+00	2018-04-16 15:19:42.7+00	69	11
161	Я сувениры ни разу не покупал, но в этот раз обязательно куплю!	5	t	2018-04-16 15:19:42.665+00	2018-04-16 15:19:42.7+00	69	6
159	Товар очень понравился. Привезли вовремя, лайк!	4	f	2018-04-16 15:19:42.653+00	2018-04-16 15:19:42.7+00	69	13
162	Крутая штука	5	t	2018-04-16 15:19:42.673+00	2018-04-16 15:19:42.7+00	69	8
222	Товар очень понравился. Привезли вовремя, лайк!	5	t	2018-04-16 15:19:43.403+00	2018-04-16 15:19:43.424+00	91	4
223	Кто это придумал???	2	f	2018-04-16 15:19:43.409+00	2018-04-16 15:19:43.424+00	91	1
224	Все хорошо, но сувенир меньше, чем на картинке!	3	f	2018-04-16 15:19:43.427+00	2018-04-16 15:19:43.465+00	92	6
163	У меня был такой сувенир, я сам его привез из Турции, но он мне быстро надоел, никому не советую	2	f	2018-04-16 15:19:42.679+00	2018-04-16 15:19:42.7+00	69	15
164	Кто это придумал???	3	t	2018-04-16 15:19:42.704+00	2018-04-16 15:19:42.724+00	70	3
196	Не понимаю, кому это может быть интересно	1	f	2018-04-16 15:19:43.05+00	2018-04-16 15:19:43.07+00	79	8
192	Все хорошо, но сувенир меньше, чем на картинке!	3	t	2018-04-16 15:19:43.027+00	2018-04-16 15:19:43.07+00	79	13
185	Крутая штука	4	f	2018-04-16 15:19:42.955+00	2018-04-16 15:19:42.991+00	77	5
186	Кто это придумал???	1	f	2018-04-16 15:19:42.961+00	2018-04-16 15:19:42.991+00	77	8
170	Товар очень понравился. Привезли вовремя, лайк!	5	t	2018-04-16 15:19:42.788+00	2018-04-16 15:19:42.83+00	73	9
171	Кто это придумал???	5	t	2018-04-16 15:19:42.795+00	2018-04-16 15:19:42.83+00	73	13
172	雰しぐれ富士をみぬ日ぞ面白き	3	t	2018-04-16 15:19:42.801+00	2018-04-16 15:19:42.83+00	73	11
173	Не понимаю, кому это может быть интересно	1	t	2018-04-16 15:19:42.807+00	2018-04-16 15:19:42.83+00	73	15
174	Очень плохо	1	f	2018-04-16 15:19:42.814+00	2018-04-16 15:19:42.83+00	73	12
187	Я сувениры ни разу не покупал, но в этот раз обязательно куплю!	5	t	2018-04-16 15:19:42.967+00	2018-04-16 15:19:42.991+00	77	11
188	Я сувениры ни разу не покупал, но в этот раз обязательно куплю!	5	f	2018-04-16 15:19:42.973+00	2018-04-16 15:19:42.991+00	77	3
184	У меня был такой сувенир, я сам его привез из Турции, но он мне быстро надоел, никому не советую	2	f	2018-04-16 15:19:42.95+00	2018-04-16 15:19:42.991+00	77	1
193	Все хорошо, но сувенир меньше, чем на картинке!	3	t	2018-04-16 15:19:43.033+00	2018-04-16 15:19:43.07+00	79	2
175	Я сувениры ни разу не покупал, но в этот раз обязательно куплю!	5	t	2018-04-16 15:19:42.854+00	2018-04-16 15:19:42.904+00	75	14
176	Товар очень понравился. Привезли вовремя, лайк!	4	f	2018-04-16 15:19:42.863+00	2018-04-16 15:19:42.904+00	75	4
177	Все хорошо, но сувенир меньше, чем на картинке!	3	f	2018-04-16 15:19:42.872+00	2018-04-16 15:19:42.904+00	75	3
178	Очень плохо	2	t	2018-04-16 15:19:42.878+00	2018-04-16 15:19:42.904+00	75	9
179	Все хорошо, но сувенир меньше, чем на картинке!	4	f	2018-04-16 15:19:42.884+00	2018-04-16 15:19:42.904+00	75	11
194	5	5	t	2018-04-16 15:19:43.039+00	2018-04-16 15:19:43.07+00	79	15
195	Все хорошо, но сувенир меньше, чем на картинке!	4	f	2018-04-16 15:19:43.044+00	2018-04-16 15:19:43.07+00	79	5
189	Все хорошо, но сувенир меньше, чем на картинке!	4	t	2018-04-16 15:19:42.994+00	2018-04-16 15:19:43.024+00	78	2
190	Крутая штука	5	f	2018-04-16 15:19:43+00	2018-04-16 15:19:43.024+00	78	15
191	Я сувениры ни разу не покупал, но в этот раз обязательно куплю!	5	t	2018-04-16 15:19:43.006+00	2018-04-16 15:19:43.024+00	78	9
202	Очень плохо	1	f	2018-04-16 15:19:43.125+00	2018-04-16 15:19:43.145+00	81	12
201	Я сувениры ни разу не покупал, но в этот раз обязательно куплю!	5	f	2018-04-16 15:19:43.118+00	2018-04-16 15:19:43.145+00	81	14
208	Все хорошо, но сувенир меньше, чем на картинке!	4	f	2018-04-16 15:19:43.193+00	2018-04-16 15:19:43.211+00	83	5
197	Все хорошо, но сувенир меньше, чем на картинке!	4	t	2018-04-16 15:19:43.072+00	2018-04-16 15:19:43.115+00	80	9
198	Товар очень понравился. Привезли вовремя, лайк!	5	t	2018-04-16 15:19:43.078+00	2018-04-16 15:19:43.115+00	80	1
199	Очень плохо	1	t	2018-04-16 15:19:43.084+00	2018-04-16 15:19:43.115+00	80	3
200	Не понимаю, кому это может быть интересно	1	t	2018-04-16 15:19:43.09+00	2018-04-16 15:19:43.115+00	80	10
206	Крутая штука	5	f	2018-04-16 15:19:43.181+00	2018-04-16 15:19:43.211+00	83	15
203	雰しぐれ富士をみぬ日ぞ面白き	5	f	2018-04-16 15:19:43.148+00	2018-04-16 15:19:43.178+00	82	13
204	Крутая штука	4	t	2018-04-16 15:19:43.154+00	2018-04-16 15:19:43.178+00	82	9
205	Кто это придумал???	2	t	2018-04-16 15:19:43.16+00	2018-04-16 15:19:43.178+00	82	7
165	Кто это придумал???	5	f	2018-04-16 15:19:42.74+00	2018-04-16 15:19:42.785+00	\N	13
207	Крутая штука	4	f	2018-04-16 15:19:43.187+00	2018-04-16 15:19:43.211+00	83	8
214	Не понимаю, кому это может быть интересно	1	t	2018-04-16 15:19:43.275+00	2018-04-16 15:19:43.294+00	86	15
212	Товар очень понравился. Привезли вовремя, лайк!	5	t	2018-04-16 15:19:43.232+00	2018-04-16 15:19:43.259+00	84	8
209	Крутая штука	4	f	2018-04-16 15:19:43.214+00	2018-04-16 15:19:43.259+00	84	3
210	Товар очень понравился. Привезли вовремя, лайк!	5	t	2018-04-16 15:19:43.22+00	2018-04-16 15:19:43.259+00	84	10
211	У меня был такой сувенир, я сам его привез из Турции, но он мне быстро надоел, никому не советую	3	f	2018-04-16 15:19:43.226+00	2018-04-16 15:19:43.259+00	84	6
213	雰しぐれ富士をみぬ日ぞ面白き	5	t	2018-04-16 15:19:43.238+00	2018-04-16 15:19:43.259+00	84	9
166	Не понимаю, кому это может быть интересно	1	t	2018-04-16 15:19:42.746+00	2018-04-16 15:19:42.785+00	\N	11
167	雰しぐれ富士をみぬ日ぞ面白き	3	f	2018-04-16 15:19:42.753+00	2018-04-16 15:19:42.785+00	\N	3
168	雰しぐれ富士をみぬ日ぞ面白き	3	t	2018-04-16 15:19:42.759+00	2018-04-16 15:19:42.785+00	\N	14
215	雰しぐれ富士をみぬ日ぞ面白き	2	t	2018-04-16 15:19:43.297+00	2018-04-16 15:19:43.333+00	87	15
216	Не понимаю, кому это может быть интересно	1	t	2018-04-16 15:19:43.303+00	2018-04-16 15:19:43.333+00	87	14
217	Очень плохо	1	t	2018-04-16 15:19:43.309+00	2018-04-16 15:19:43.333+00	87	4
225	У меня был такой сувенир, я сам его привез из Турции, но он мне быстро надоел, никому не советую	3	t	2018-04-16 15:19:43.432+00	2018-04-16 15:19:43.465+00	92	8
226	Очень плохо	2	t	2018-04-16 15:19:43.439+00	2018-04-16 15:19:43.465+00	92	12
227	Все хорошо, но сувенир меньше, чем на картинке!	4	t	2018-04-16 15:19:43.447+00	2018-04-16 15:19:43.465+00	92	7
228	5	5	t	2018-04-16 15:19:43.468+00	2018-04-16 15:19:43.497+00	93	3
229	雰しぐれ富士をみぬ日ぞ面白き	3	t	2018-04-16 15:19:43.473+00	2018-04-16 15:19:43.497+00	93	7
230	5	5	f	2018-04-16 15:19:43.479+00	2018-04-16 15:19:43.497+00	93	13
245	5	5	f	2018-04-16 15:19:43.675+00	2018-04-16 15:19:43.707+00	100	3
231	У меня был такой сувенир, я сам его привез из Турции, но он мне быстро надоел, никому не советую	3	t	2018-04-16 15:19:43.501+00	2018-04-16 15:19:43.532+00	94	5
232	Крутая штука	4	t	2018-04-16 15:19:43.507+00	2018-04-16 15:19:43.532+00	94	13
233	Не понимаю, кому это может быть интересно	1	t	2018-04-16 15:19:43.513+00	2018-04-16 15:19:43.532+00	94	10
246	Крутая штука	4	f	2018-04-16 15:19:43.682+00	2018-04-16 15:19:43.707+00	100	1
247	Кто это придумал???	3	t	2018-04-16 15:19:43.688+00	2018-04-16 15:19:43.707+00	100	12
244	Очень плохо	2	t	2018-04-16 15:19:43.67+00	2018-04-16 15:19:43.707+00	100	6
234	Все хорошо, но сувенир меньше, чем на картинке!	4	f	2018-04-16 15:19:43.536+00	2018-04-16 15:19:43.566+00	95	7
235	У меня был такой сувенир, я сам его привез из Турции, но он мне быстро надоел, никому не советую	3	t	2018-04-16 15:19:43.542+00	2018-04-16 15:19:43.566+00	95	14
236	Не понимаю, кому это может быть интересно	1	t	2018-04-16 15:19:43.548+00	2018-04-16 15:19:43.566+00	95	2
75	Очень плохо	2	t	2018-04-16 15:19:41.474+00	2018-04-16 15:19:41.499+00	\N	5
76	Крутая штука	5	f	2018-04-16 15:19:41.481+00	2018-04-16 15:19:41.499+00	\N	2
83	Кто это придумал???	2	f	2018-04-16 15:19:41.598+00	2018-04-16 15:19:41.614+00	\N	6
237	Кто это придумал???	5	f	2018-04-16 15:19:43.569+00	2018-04-16 15:19:43.599+00	96	8
238	Я сувениры ни разу не покупал, но в этот раз обязательно куплю!	5	f	2018-04-16 15:19:43.575+00	2018-04-16 15:19:43.599+00	96	5
239	Не понимаю, кому это может быть интересно	1	t	2018-04-16 15:19:43.58+00	2018-04-16 15:19:43.599+00	96	10
103	Все хорошо, но сувенир меньше, чем на картинке!	4	f	2018-04-16 15:19:41.939+00	2018-04-16 15:19:41.962+00	\N	8
113	Все хорошо, но сувенир меньше, чем на картинке!	3	t	2018-04-16 15:19:42.072+00	2018-04-16 15:19:42.092+00	\N	14
112	Товар очень понравился. Привезли вовремя, лайк!	5	t	2018-04-16 15:19:42.065+00	2018-04-16 15:19:42.092+00	\N	7
169	雰しぐれ富士をみぬ日ぞ面白き	5	t	2018-04-16 15:19:42.765+00	2018-04-16 15:19:42.785+00	\N	5
241	5	5	t	2018-04-16 15:19:43.636+00	2018-04-16 15:19:43.667+00	99	12
242	Не понимаю, кому это может быть интересно	1	t	2018-04-16 15:19:43.643+00	2018-04-16 15:19:43.667+00	99	15
243	Кто это придумал???	5	f	2018-04-16 15:19:43.649+00	2018-04-16 15:19:43.667+00	99	4
180	Товар очень понравился. Привезли вовремя, лайк!	5	t	2018-04-16 15:19:42.907+00	2018-04-16 15:19:42.946+00	\N	2
181	У меня был такой сувенир, я сам его привез из Турции, но он мне быстро надоел, никому не советую	3	f	2018-04-16 15:19:42.915+00	2018-04-16 15:19:42.946+00	\N	11
182	Очень плохо	1	f	2018-04-16 15:19:42.921+00	2018-04-16 15:19:42.946+00	\N	5
183	Кто это придумал???	2	t	2018-04-16 15:19:42.927+00	2018-04-16 15:19:42.946+00	\N	1
240	Крутая штука	4	t	2018-04-16 15:19:43.602+00	2018-04-16 15:19:43.621+00	\N	4
248	Nice item	1	f	2018-04-16 15:19:43.936+00	2018-04-16 15:19:43.936+00	10	8
\.


--
-- Data for Name: souvenir_tags; Type: TABLE DATA; Schema: public; Owner: postgres
--

COPY souvenir_tags ("createdAt", "updatedAt", "souvenirId", "tagId") FROM stdin;
2018-04-16 15:19:40.358+00	2018-04-16 15:19:40.358+00	1	6
2018-04-16 15:19:40.358+00	2018-04-16 15:19:40.358+00	1	1
2018-04-16 15:19:40.358+00	2018-04-16 15:19:40.358+00	1	9
2018-04-16 15:19:40.395+00	2018-04-16 15:19:40.395+00	2	9
2018-04-16 15:19:40.395+00	2018-04-16 15:19:40.395+00	2	7
2018-04-16 15:19:40.395+00	2018-04-16 15:19:40.395+00	2	6
2018-04-16 15:19:40.47+00	2018-04-16 15:19:40.47+00	4	3
2018-04-16 15:19:40.47+00	2018-04-16 15:19:40.47+00	4	5
2018-04-16 15:19:40.538+00	2018-04-16 15:19:40.538+00	6	1
2018-04-16 15:19:40.597+00	2018-04-16 15:19:40.597+00	7	9
2018-04-16 15:19:40.597+00	2018-04-16 15:19:40.597+00	7	2
2018-04-16 15:19:40.597+00	2018-04-16 15:19:40.597+00	7	6
2018-04-16 15:19:40.597+00	2018-04-16 15:19:40.597+00	7	8
2018-04-16 15:19:40.597+00	2018-04-16 15:19:40.597+00	7	3
2018-04-16 15:19:40.644+00	2018-04-16 15:19:40.644+00	8	6
2018-04-16 15:19:40.644+00	2018-04-16 15:19:40.644+00	8	8
2018-04-16 15:19:40.644+00	2018-04-16 15:19:40.644+00	8	1
2018-04-16 15:19:40.644+00	2018-04-16 15:19:40.644+00	8	3
2018-04-16 15:19:40.688+00	2018-04-16 15:19:40.688+00	9	3
2018-04-16 15:19:40.688+00	2018-04-16 15:19:40.688+00	9	8
2018-04-16 15:19:40.688+00	2018-04-16 15:19:40.688+00	9	9
2018-04-16 15:19:40.688+00	2018-04-16 15:19:40.688+00	9	7
2018-04-16 15:19:40.688+00	2018-04-16 15:19:40.688+00	9	4
2018-04-16 15:19:40.726+00	2018-04-16 15:19:40.726+00	10	5
2018-04-16 15:19:40.726+00	2018-04-16 15:19:40.726+00	10	1
2018-04-16 15:19:40.726+00	2018-04-16 15:19:40.726+00	10	3
2018-04-16 15:19:40.795+00	2018-04-16 15:19:40.795+00	11	8
2018-04-16 15:19:40.795+00	2018-04-16 15:19:40.795+00	11	4
2018-04-16 15:19:40.816+00	2018-04-16 15:19:40.816+00	12	9
2018-04-16 15:19:40.816+00	2018-04-16 15:19:40.816+00	12	5
2018-04-16 15:19:40.816+00	2018-04-16 15:19:40.816+00	12	3
2018-04-16 15:19:40.848+00	2018-04-16 15:19:40.848+00	13	7
2018-04-16 15:19:40.875+00	2018-04-16 15:19:40.875+00	14	2
2018-04-16 15:19:40.875+00	2018-04-16 15:19:40.875+00	14	3
2018-04-16 15:19:40.875+00	2018-04-16 15:19:40.875+00	14	9
2018-04-16 15:19:40.922+00	2018-04-16 15:19:40.922+00	15	7
2018-04-16 15:19:40.922+00	2018-04-16 15:19:40.922+00	15	4
2018-04-16 15:19:40.922+00	2018-04-16 15:19:40.922+00	15	8
2018-04-16 15:19:40.967+00	2018-04-16 15:19:40.967+00	16	3
2018-04-16 15:19:40.967+00	2018-04-16 15:19:40.967+00	16	8
2018-04-16 15:19:40.967+00	2018-04-16 15:19:40.967+00	16	6
2018-04-16 15:19:40.967+00	2018-04-16 15:19:40.967+00	16	7
2018-04-16 15:19:41.046+00	2018-04-16 15:19:41.046+00	17	9
2018-04-16 15:19:41.046+00	2018-04-16 15:19:41.046+00	17	3
2018-04-16 15:19:41.046+00	2018-04-16 15:19:41.046+00	17	1
2018-04-16 15:19:41.046+00	2018-04-16 15:19:41.046+00	17	8
2018-04-16 15:19:41.046+00	2018-04-16 15:19:41.046+00	17	4
2018-04-16 15:19:41.086+00	2018-04-16 15:19:41.086+00	19	4
2018-04-16 15:19:41.086+00	2018-04-16 15:19:41.086+00	19	2
2018-04-16 15:19:41.086+00	2018-04-16 15:19:41.086+00	19	7
2018-04-16 15:19:41.086+00	2018-04-16 15:19:41.086+00	19	3
2018-04-16 15:19:41.086+00	2018-04-16 15:19:41.086+00	19	8
2018-04-16 15:19:41.14+00	2018-04-16 15:19:41.14+00	20	3
2018-04-16 15:19:41.14+00	2018-04-16 15:19:41.14+00	20	4
2018-04-16 15:19:41.223+00	2018-04-16 15:19:41.223+00	22	9
2018-04-16 15:19:41.223+00	2018-04-16 15:19:41.223+00	22	5
2018-04-16 15:19:41.223+00	2018-04-16 15:19:41.223+00	22	2
2018-04-16 15:19:41.223+00	2018-04-16 15:19:41.223+00	22	3
2018-04-16 15:19:41.243+00	2018-04-16 15:19:41.243+00	23	4
2018-04-16 15:19:41.243+00	2018-04-16 15:19:41.243+00	23	2
2018-04-16 15:19:41.243+00	2018-04-16 15:19:41.243+00	23	5
2018-04-16 15:19:41.243+00	2018-04-16 15:19:41.243+00	23	3
2018-04-16 15:19:41.275+00	2018-04-16 15:19:41.275+00	24	9
2018-04-16 15:19:41.311+00	2018-04-16 15:19:41.311+00	25	8
2018-04-16 15:19:41.311+00	2018-04-16 15:19:41.311+00	25	4
2018-04-16 15:19:41.354+00	2018-04-16 15:19:41.354+00	26	1
2018-04-16 15:19:41.371+00	2018-04-16 15:19:41.371+00	27	2
2018-04-16 15:19:41.371+00	2018-04-16 15:19:41.371+00	27	7
2018-04-16 15:19:41.371+00	2018-04-16 15:19:41.371+00	27	8
2018-04-16 15:19:41.4+00	2018-04-16 15:19:41.4+00	28	4
2018-04-16 15:19:41.4+00	2018-04-16 15:19:41.4+00	28	2
2018-04-16 15:19:41.4+00	2018-04-16 15:19:41.4+00	28	9
2018-04-16 15:19:41.4+00	2018-04-16 15:19:41.4+00	28	5
2018-04-16 15:19:41.4+00	2018-04-16 15:19:41.4+00	28	8
2018-04-16 15:19:41.446+00	2018-04-16 15:19:41.446+00	29	8
2018-04-16 15:19:41.517+00	2018-04-16 15:19:41.517+00	31	9
2018-04-16 15:19:41.517+00	2018-04-16 15:19:41.517+00	31	7
2018-04-16 15:19:41.517+00	2018-04-16 15:19:41.517+00	31	8
2018-04-16 15:19:41.517+00	2018-04-16 15:19:41.517+00	31	3
2018-04-16 15:19:41.558+00	2018-04-16 15:19:41.558+00	32	2
2018-04-16 15:19:41.589+00	2018-04-16 15:19:41.589+00	33	9
2018-04-16 15:19:41.625+00	2018-04-16 15:19:41.625+00	35	1
2018-04-16 15:19:41.625+00	2018-04-16 15:19:41.625+00	35	3
2018-04-16 15:19:41.646+00	2018-04-16 15:19:41.646+00	36	1
2018-04-16 15:19:41.646+00	2018-04-16 15:19:41.646+00	36	3
2018-04-16 15:19:41.646+00	2018-04-16 15:19:41.646+00	36	8
2018-04-16 15:19:41.646+00	2018-04-16 15:19:41.646+00	36	4
2018-04-16 15:19:41.646+00	2018-04-16 15:19:41.646+00	36	6
2018-04-16 15:19:41.683+00	2018-04-16 15:19:41.683+00	37	5
2018-04-16 15:19:41.683+00	2018-04-16 15:19:41.683+00	37	2
2018-04-16 15:19:41.683+00	2018-04-16 15:19:41.683+00	37	1
2018-04-16 15:19:41.731+00	2018-04-16 15:19:41.731+00	38	3
2018-04-16 15:19:41.731+00	2018-04-16 15:19:41.731+00	38	9
2018-04-16 15:19:41.731+00	2018-04-16 15:19:41.731+00	38	7
2018-04-16 15:19:41.777+00	2018-04-16 15:19:41.777+00	39	6
2018-04-16 15:19:41.777+00	2018-04-16 15:19:41.777+00	39	1
2018-04-16 15:19:41.777+00	2018-04-16 15:19:41.777+00	39	8
2018-04-16 15:19:41.795+00	2018-04-16 15:19:41.795+00	40	8
2018-04-16 15:19:41.795+00	2018-04-16 15:19:41.795+00	40	6
2018-04-16 15:19:41.795+00	2018-04-16 15:19:41.795+00	40	9
2018-04-16 15:19:41.795+00	2018-04-16 15:19:41.795+00	40	4
2018-04-16 15:19:41.795+00	2018-04-16 15:19:41.795+00	40	3
2018-04-16 15:19:41.81+00	2018-04-16 15:19:41.81+00	41	3
2018-04-16 15:19:41.826+00	2018-04-16 15:19:41.826+00	42	1
2018-04-16 15:19:41.826+00	2018-04-16 15:19:41.826+00	42	3
2018-04-16 15:19:41.826+00	2018-04-16 15:19:41.826+00	42	9
2018-04-16 15:19:41.826+00	2018-04-16 15:19:41.826+00	42	2
2018-04-16 15:19:41.85+00	2018-04-16 15:19:41.85+00	43	3
2018-04-16 15:19:41.906+00	2018-04-16 15:19:41.906+00	45	4
2018-04-16 15:19:41.906+00	2018-04-16 15:19:41.906+00	45	1
2018-04-16 15:19:41.906+00	2018-04-16 15:19:41.906+00	45	7
2018-04-16 15:19:41.93+00	2018-04-16 15:19:41.93+00	46	9
2018-04-16 15:19:41.999+00	2018-04-16 15:19:41.999+00	48	3
2018-04-16 15:19:42.028+00	2018-04-16 15:19:42.028+00	49	7
2018-04-16 15:19:42.028+00	2018-04-16 15:19:42.028+00	49	2
2018-04-16 15:19:42.028+00	2018-04-16 15:19:42.028+00	49	6
2018-04-16 15:19:42.028+00	2018-04-16 15:19:42.028+00	49	8
2018-04-16 15:19:42.028+00	2018-04-16 15:19:42.028+00	49	9
2018-04-16 15:19:42.056+00	2018-04-16 15:19:42.056+00	50	5
2018-04-16 15:19:42.103+00	2018-04-16 15:19:42.103+00	52	8
2018-04-16 15:19:42.103+00	2018-04-16 15:19:42.103+00	52	6
2018-04-16 15:19:42.103+00	2018-04-16 15:19:42.103+00	52	5
2018-04-16 15:19:42.103+00	2018-04-16 15:19:42.103+00	52	9
2018-04-16 15:19:42.103+00	2018-04-16 15:19:42.103+00	52	4
2018-04-16 15:19:42.131+00	2018-04-16 15:19:42.131+00	53	2
2018-04-16 15:19:42.131+00	2018-04-16 15:19:42.131+00	53	7
2018-04-16 15:19:42.131+00	2018-04-16 15:19:42.131+00	53	6
2018-04-16 15:19:42.131+00	2018-04-16 15:19:42.131+00	53	9
2018-04-16 15:19:42.131+00	2018-04-16 15:19:42.131+00	53	4
2018-04-16 15:19:42.175+00	2018-04-16 15:19:42.175+00	55	9
2018-04-16 15:19:42.175+00	2018-04-16 15:19:42.175+00	55	8
2018-04-16 15:19:42.207+00	2018-04-16 15:19:42.207+00	56	7
2018-04-16 15:19:42.207+00	2018-04-16 15:19:42.207+00	56	1
2018-04-16 15:19:42.207+00	2018-04-16 15:19:42.207+00	56	8
2018-04-16 15:19:42.207+00	2018-04-16 15:19:42.207+00	56	5
2018-04-16 15:19:42.27+00	2018-04-16 15:19:42.27+00	58	3
2018-04-16 15:19:42.299+00	2018-04-16 15:19:42.299+00	59	1
2018-04-16 15:19:42.324+00	2018-04-16 15:19:42.324+00	60	5
2018-04-16 15:19:42.363+00	2018-04-16 15:19:42.363+00	61	5
2018-04-16 15:19:42.363+00	2018-04-16 15:19:42.363+00	61	1
2018-04-16 15:19:42.363+00	2018-04-16 15:19:42.363+00	61	7
2018-04-16 15:19:42.363+00	2018-04-16 15:19:42.363+00	61	2
2018-04-16 15:19:42.405+00	2018-04-16 15:19:42.405+00	62	9
2018-04-16 15:19:42.405+00	2018-04-16 15:19:42.405+00	62	3
2018-04-16 15:19:42.453+00	2018-04-16 15:19:42.453+00	63	4
2018-04-16 15:19:42.475+00	2018-04-16 15:19:42.475+00	64	4
2018-04-16 15:19:42.475+00	2018-04-16 15:19:42.475+00	64	1
2018-04-16 15:19:42.475+00	2018-04-16 15:19:42.475+00	64	6
2018-04-16 15:19:42.594+00	2018-04-16 15:19:42.594+00	67	7
2018-04-16 15:19:42.594+00	2018-04-16 15:19:42.594+00	67	1
2018-04-16 15:19:42.594+00	2018-04-16 15:19:42.594+00	67	6
2018-04-16 15:19:42.594+00	2018-04-16 15:19:42.594+00	67	4
2018-04-16 15:19:42.594+00	2018-04-16 15:19:42.594+00	67	3
2018-04-16 15:19:42.643+00	2018-04-16 15:19:42.643+00	68	6
2018-04-16 15:19:42.643+00	2018-04-16 15:19:42.643+00	68	8
2018-04-16 15:19:42.643+00	2018-04-16 15:19:42.643+00	68	1
2018-04-16 15:19:42.643+00	2018-04-16 15:19:42.643+00	68	5
2018-04-16 15:19:42.643+00	2018-04-16 15:19:42.643+00	68	3
2018-04-16 15:19:42.695+00	2018-04-16 15:19:42.695+00	69	9
2018-04-16 15:19:42.695+00	2018-04-16 15:19:42.695+00	69	3
2018-04-16 15:19:42.695+00	2018-04-16 15:19:42.695+00	69	5
2018-04-16 15:19:42.695+00	2018-04-16 15:19:42.695+00	69	8
2018-04-16 15:19:42.719+00	2018-04-16 15:19:42.719+00	70	8
2018-04-16 15:19:42.735+00	2018-04-16 15:19:42.735+00	71	5
2018-04-16 15:19:42.735+00	2018-04-16 15:19:42.735+00	71	9
2018-04-16 15:19:42.735+00	2018-04-16 15:19:42.735+00	71	4
2018-04-16 15:19:42.735+00	2018-04-16 15:19:42.735+00	71	6
2018-04-16 15:19:42.735+00	2018-04-16 15:19:42.735+00	71	3
2018-04-16 15:19:42.846+00	2018-04-16 15:19:42.846+00	74	7
2018-04-16 15:19:42.846+00	2018-04-16 15:19:42.846+00	74	2
2018-04-16 15:19:42.846+00	2018-04-16 15:19:42.846+00	74	6
2018-04-16 15:19:42.898+00	2018-04-16 15:19:42.898+00	75	1
2018-04-16 15:19:42.898+00	2018-04-16 15:19:42.898+00	75	5
2018-04-16 15:19:42.986+00	2018-04-16 15:19:42.986+00	77	6
2018-04-16 15:19:42.986+00	2018-04-16 15:19:42.986+00	77	1
2018-04-16 15:19:42.986+00	2018-04-16 15:19:42.986+00	77	5
2018-04-16 15:19:43.019+00	2018-04-16 15:19:43.019+00	78	7
2018-04-16 15:19:43.019+00	2018-04-16 15:19:43.019+00	78	2
2018-04-16 15:19:43.064+00	2018-04-16 15:19:43.064+00	79	3
2018-04-16 15:19:43.064+00	2018-04-16 15:19:43.064+00	79	8
2018-04-16 15:19:43.064+00	2018-04-16 15:19:43.064+00	79	7
2018-04-16 15:19:43.109+00	2018-04-16 15:19:43.109+00	80	8
2018-04-16 15:19:43.109+00	2018-04-16 15:19:43.109+00	80	3
2018-04-16 15:19:43.109+00	2018-04-16 15:19:43.109+00	80	6
2018-04-16 15:19:43.14+00	2018-04-16 15:19:43.14+00	81	6
2018-04-16 15:19:43.14+00	2018-04-16 15:19:43.14+00	81	5
2018-04-16 15:19:43.14+00	2018-04-16 15:19:43.14+00	81	3
2018-04-16 15:19:43.14+00	2018-04-16 15:19:43.14+00	81	7
2018-04-16 15:19:43.173+00	2018-04-16 15:19:43.173+00	82	5
2018-04-16 15:19:43.173+00	2018-04-16 15:19:43.173+00	82	8
2018-04-16 15:19:43.207+00	2018-04-16 15:19:43.207+00	83	7
2018-04-16 15:19:43.207+00	2018-04-16 15:19:43.207+00	83	2
2018-04-16 15:19:43.253+00	2018-04-16 15:19:43.253+00	84	8
2018-04-16 15:19:43.253+00	2018-04-16 15:19:43.253+00	84	9
2018-04-16 15:19:43.253+00	2018-04-16 15:19:43.253+00	84	4
2018-04-16 15:19:43.27+00	2018-04-16 15:19:43.27+00	85	8
2018-04-16 15:19:43.27+00	2018-04-16 15:19:43.27+00	85	2
2018-04-16 15:19:43.27+00	2018-04-16 15:19:43.27+00	85	9
2018-04-16 15:19:43.288+00	2018-04-16 15:19:43.288+00	86	9
2018-04-16 15:19:43.288+00	2018-04-16 15:19:43.288+00	86	5
2018-04-16 15:19:43.288+00	2018-04-16 15:19:43.288+00	86	6
2018-04-16 15:19:43.288+00	2018-04-16 15:19:43.288+00	86	8
2018-04-16 15:19:43.288+00	2018-04-16 15:19:43.288+00	86	4
2018-04-16 15:19:43.328+00	2018-04-16 15:19:43.328+00	87	2
2018-04-16 15:19:43.353+00	2018-04-16 15:19:43.353+00	88	5
2018-04-16 15:19:43.37+00	2018-04-16 15:19:43.37+00	89	9
2018-04-16 15:19:43.37+00	2018-04-16 15:19:43.37+00	89	8
2018-04-16 15:19:43.37+00	2018-04-16 15:19:43.37+00	89	2
2018-04-16 15:19:43.394+00	2018-04-16 15:19:43.394+00	90	9
2018-04-16 15:19:43.394+00	2018-04-16 15:19:43.394+00	90	6
2018-04-16 15:19:43.46+00	2018-04-16 15:19:43.46+00	92	6
2018-04-16 15:19:43.46+00	2018-04-16 15:19:43.46+00	92	4
2018-04-16 15:19:43.493+00	2018-04-16 15:19:43.493+00	93	7
2018-04-16 15:19:43.493+00	2018-04-16 15:19:43.493+00	93	8
2018-04-16 15:19:43.493+00	2018-04-16 15:19:43.493+00	93	3
2018-04-16 15:19:43.527+00	2018-04-16 15:19:43.527+00	94	3
2018-04-16 15:19:43.527+00	2018-04-16 15:19:43.527+00	94	8
2018-04-16 15:19:43.527+00	2018-04-16 15:19:43.527+00	94	9
2018-04-16 15:19:43.527+00	2018-04-16 15:19:43.527+00	94	4
2018-04-16 15:19:43.561+00	2018-04-16 15:19:43.561+00	95	4
2018-04-16 15:19:43.561+00	2018-04-16 15:19:43.561+00	95	8
2018-04-16 15:19:43.594+00	2018-04-16 15:19:43.594+00	96	9
2018-04-16 15:19:43.594+00	2018-04-16 15:19:43.594+00	96	7
2018-04-16 15:19:43.594+00	2018-04-16 15:19:43.594+00	96	4
2018-04-16 15:19:43.594+00	2018-04-16 15:19:43.594+00	96	8
2018-04-16 15:19:43.631+00	2018-04-16 15:19:43.631+00	98	4
2018-04-16 15:19:43.631+00	2018-04-16 15:19:43.631+00	98	9
2018-04-16 15:19:43.631+00	2018-04-16 15:19:43.631+00	98	8
2018-04-16 15:19:43.631+00	2018-04-16 15:19:43.631+00	98	1
2018-04-16 15:19:43.661+00	2018-04-16 15:19:43.661+00	99	6
2018-04-16 15:19:43.661+00	2018-04-16 15:19:43.661+00	99	5
2018-04-16 15:19:43.661+00	2018-04-16 15:19:43.661+00	99	4
2018-04-16 15:19:43.661+00	2018-04-16 15:19:43.661+00	99	8
2018-04-16 15:19:43.702+00	2018-04-16 15:19:43.702+00	100	1
2018-04-16 15:19:43.702+00	2018-04-16 15:19:43.702+00	100	2
2018-04-16 15:19:43.702+00	2018-04-16 15:19:43.702+00	100	7
2018-04-16 15:19:43.702+00	2018-04-16 15:19:43.702+00	100	3
2018-04-16 15:19:43.702+00	2018-04-16 15:19:43.702+00	100	6
\.


--
-- Data for Name: souvenirs; Type: TABLE DATA; Schema: public; Owner: postgres
--

COPY souvenirs (id, name, image, price, rating, amount, "isRecent", "createdAt", "updatedAt", "countryId") FROM stdin;
1	Рука сделано рука дерево панама сокровища	https://picsum.photos/200/?image=64	2671.36472155320234	0	3	f	2018-04-16 15:19:40.342+00	2018-04-16 15:19:40.347+00	8
2	Телефон рыба мелодичный чайник дешевый пена	https://picsum.photos/200/?image=958	1799.71961277029118	1	6	f	2018-04-16 15:19:40.384+00	2018-04-16 15:19:40.388+00	6
3	Стена открытка пляж	https://picsum.photos/200/?image=154	2170.77575960965623	4	7	f	2018-04-16 15:19:40.445+00	2018-04-16 15:19:40.449+00	4
4	Хорошо море стена	https://picsum.photos/200/?image=687	2050.18206572179406	0	4	f	2018-04-16 15:19:40.461+00	2018-04-16 15:19:40.464+00	6
5	Камень панама мандарин победа пирамида	https://picsum.photos/200/?image=125	1819.72806328397951	3.25	3	f	2018-04-16 15:19:40.505+00	2018-04-16 15:19:40.509+00	8
6	Самодельный виноград сокровища страна спортзал камень игра	https://picsum.photos/200/?image=494	703.223978688565012	3	6	f	2018-04-16 15:19:40.528+00	2018-04-16 15:19:40.532+00	6
7	Вино мармелад киви магнит рука магнитик	https://picsum.photos/200/?image=403	1604.74321881871901	3.20000000000000018	5	f	2018-04-16 15:19:40.587+00	2018-04-16 15:19:40.591+00	2
8	Красиво управление сокровища победа	https://picsum.photos/200/?image=470	2535.47977765513815	4.25	1	f	2018-04-16 15:19:40.635+00	2018-04-16 15:19:40.639+00	6
9	Пирамида управление крытый ракушка лодка	https://picsum.photos/200/?image=196	486.986291395786964	4.33333333333333304	5	f	2018-04-16 15:19:40.677+00	2018-04-16 15:19:40.68+00	4
11	Светофор сим-карта стена песок рука дрон	https://picsum.photos/200/?image=840	2777.66096912036346	3.60000000000000009	2	f	2018-04-16 15:19:40.779+00	2018-04-16 15:19:40.786+00	9
12	Дрон футболка страна дешевый река магнит	https://picsum.photos/200/?image=813	406.536874761413287	0	6	f	2018-04-16 15:19:40.805+00	2018-04-16 15:19:40.809+00	9
13	Пирамида киви панама песок	https://picsum.photos/200/?image=997	317.177353479525038	2	4	f	2018-04-16 15:19:40.839+00	2018-04-16 15:19:40.843+00	6
14	Футболка дрон лидер страна	https://picsum.photos/200/?image=908	1470.10358399406073	3	4	f	2018-04-16 15:19:40.865+00	2018-04-16 15:19:40.869+00	4
15	Море тренировки птица ракушка хороший	https://picsum.photos/200/?image=738	2727.61725562026959	4	4	f	2018-04-16 15:19:40.913+00	2018-04-16 15:19:40.917+00	9
16	Спортзал дерево пальма река птица машина управление	https://picsum.photos/200/?image=424	1821.8122454777349	4	4	f	2018-04-16 15:19:40.958+00	2018-04-16 15:19:40.962+00	7
17	Море сим-карта карта птица взаимосвязанных сокровища	https://picsum.photos/200/?image=217	277.190112388043417	4	8	f	2018-04-16 15:19:41.036+00	2018-04-16 15:19:41.041+00	1
18	Дрон самодельный рыба хороший магнит	https://picsum.photos/200/?image=309	489.10904465732915	0	5	f	2018-04-16 15:19:41.057+00	2018-04-16 15:19:41.06+00	3
19	Лидер море ракушка вино магнитик	https://picsum.photos/200/?image=638	1952.1791042077416	4	8	f	2018-04-16 15:19:41.075+00	2018-04-16 15:19:41.079+00	8
20	Машинка пальма страна кофе Китай машина открытка	https://picsum.photos/200/?image=190	1987.85797837334508	3.75	6	f	2018-04-16 15:19:41.13+00	2018-04-16 15:19:41.134+00	9
21	Рука сделано стена киви море попугай красивый	https://picsum.photos/200/?image=530	2930.89322189500399	4.66666666666666696	1	f	2018-04-16 15:19:41.181+00	2018-04-16 15:19:41.186+00	6
22	Дешевый самолет игра управление спортзал камень	https://picsum.photos/200/?image=623	581.121425062520302	4	2	f	2018-04-16 15:19:41.21+00	2018-04-16 15:19:41.215+00	7
23	Песок крытый лимон Китай красиво камень чай	https://picsum.photos/200/?image=343	2370.20449619138208	0	7	f	2018-04-16 15:19:41.234+00	2018-04-16 15:19:41.238+00	8
24	Дерево пляж светофор магнит попугай дешевый лидер	https://picsum.photos/200/?image=414	140.827387720670515	3	5	f	2018-04-16 15:19:41.265+00	2018-04-16 15:19:41.27+00	8
25	Красивый игра самолет камень пальма	https://picsum.photos/200/?image=337	861.83925897742472	3.33333333333333348	8	f	2018-04-16 15:19:41.303+00	2018-04-16 15:19:41.306+00	1
26	Виноград чайник сим-карта управление мармелад	https://picsum.photos/200/?image=948	2333.92260107455559	3.25	4	f	2018-04-16 15:19:41.345+00	2018-04-16 15:19:41.349+00	4
27	Рука сделано пилот футболка птица лидер	https://picsum.photos/200/?image=859	1114.38006945659868	0	3	f	2018-04-16 15:19:41.363+00	2018-04-16 15:19:41.366+00	7
28	Взаимосвязанных вино пальма пена лидер магнитик карта	https://picsum.photos/200/?image=396	2236.51395156748185	3	2	f	2018-04-16 15:19:41.391+00	2018-04-16 15:19:41.395+00	8
29	Стена птица хороший пальма	https://picsum.photos/200/?image=566	879.763560380611921	3	5	f	2018-04-16 15:19:41.437+00	2018-04-16 15:19:41.441+00	1
10	Магнитик хороший Кипр Китай дешевый лимон	https://picsum.photos/200/?image=592	394.14811400320059	2.33333333333333348	5	f	2018-04-16 15:19:40.715+00	2018-04-16 15:19:43.939+00	3
31	Пирамида тренировки победа чайник лодка мандарин сим-карта	https://picsum.photos/200/?image=566	2231.82649844230036	4	3	f	2018-04-16 15:19:41.509+00	2018-04-16 15:19:41.512+00	1
32	Управление телефон страна стена рыба	https://picsum.photos/200/?image=88	1197.43140775702022	3.33333333333333348	8	f	2018-04-16 15:19:41.55+00	2018-04-16 15:19:41.554+00	5
33	Чай игра самолет	https://picsum.photos/200/?image=486	106.005983471755883	2.5	4	f	2018-04-16 15:19:41.58+00	2018-04-16 15:19:41.584+00	8
35	Дешевый магнит телефон	https://picsum.photos/200/?image=294	2708.33663104570996	0	4	f	2018-04-16 15:19:41.617+00	2018-04-16 15:19:41.621+00	9
36	Стена попугай мелодичный птица мандарин пляж открытка	https://picsum.photos/200/?image=842	1242.81402192712289	5	4	f	2018-04-16 15:19:41.637+00	2018-04-16 15:19:41.641+00	9
37	Море мандарин песок кофе	https://picsum.photos/200/?image=616	2536.93938337578948	2	7	f	2018-04-16 15:19:41.675+00	2018-04-16 15:19:41.678+00	6
38	Машинка река управление камень красиво	https://picsum.photos/200/?image=976	1753.4310011553539	3.60000000000000009	4	f	2018-04-16 15:19:41.723+00	2018-04-16 15:19:41.726+00	1
39	Кофе пляж дешевый	https://picsum.photos/200/?image=378	329.3542855551039	2	1	f	2018-04-16 15:19:41.768+00	2018-04-16 15:19:41.772+00	7
40	Пилот виноград мода чайник	https://picsum.photos/200/?image=297	179.590189133839232	0	2	f	2018-04-16 15:19:41.787+00	2018-04-16 15:19:41.79+00	2
41	Магнитик лодка красиво дешевый чай	https://picsum.photos/200/?image=551	438.536963966063126	0	1	f	2018-04-16 15:19:41.801+00	2018-04-16 15:19:41.805+00	2
42	Лидер птица страна стена мода самодельный пирамида	https://picsum.photos/200/?image=67	601.460086764446942	0	2	f	2018-04-16 15:19:41.815+00	2018-04-16 15:19:41.819+00	1
43	Открытка река лимон	https://picsum.photos/200/?image=593	908.695793938048837	4	8	f	2018-04-16 15:19:41.841+00	2018-04-16 15:19:41.844+00	4
44	Красиво мода пена	https://picsum.photos/200/?image=536	1047.42735961353355	0	6	f	2018-04-16 15:19:41.858+00	2018-04-16 15:19:41.863+00	8
45	Река рыба телефон сим-карта	https://picsum.photos/200/?image=118	2800.69139011654852	3.75	4	f	2018-04-16 15:19:41.897+00	2018-04-16 15:19:41.9+00	9
46	Хороший море магнитик песок дерево виноград	https://picsum.photos/200/?image=302	1514.34091086838771	4	1	t	2018-04-16 15:19:41.922+00	2018-04-16 15:19:41.925+00	6
48	Управление красиво песок телефон крытый	https://picsum.photos/200/?image=141	926.592237715001147	4.25	6	f	2018-04-16 15:19:41.992+00	2018-04-16 15:19:41.995+00	5
49	Дрон самолет рука сделано	https://picsum.photos/200/?image=619	2530.17385803813613	2	3	f	2018-04-16 15:19:42.02+00	2018-04-16 15:19:42.023+00	1
50	Победа корабль мода Китай хорошо панама красивый	https://picsum.photos/200/?image=522	2982.97381198256699	2.5	1	f	2018-04-16 15:19:42.049+00	2018-04-16 15:19:42.052+00	9
52	Виноград игра рыба чай чайник лидер	https://picsum.photos/200/?image=193	122.144281194049753	0	1	f	2018-04-16 15:19:42.095+00	2018-04-16 15:19:42.098+00	7
53	Хорошо рука чай	https://picsum.photos/200/?image=261	2565.20822633194985	2.5	3	t	2018-04-16 15:19:42.121+00	2018-04-16 15:19:42.125+00	6
54	Карта мелодичный виноград игра	https://picsum.photos/200/?image=314	1145.18959614066671	2.5	6	f	2018-04-16 15:19:42.153+00	2018-04-16 15:19:42.156+00	1
55	Самодельный лодка пена машина	https://picsum.photos/200/?image=837	2298.94905118760789	0	8	f	2018-04-16 15:19:42.167+00	2018-04-16 15:19:42.17+00	4
56	Телефон пилот машинка панама крытый сим-карта	https://picsum.photos/200/?image=577	2406.4226092728386	3.33333333333333348	6	f	2018-04-16 15:19:42.199+00	2018-04-16 15:19:42.202+00	2
57	Камень хорошо взаимосвязанных дерево вино киви лодка	https://picsum.photos/200/?image=770	2909.77554105586296	4	6	f	2018-04-16 15:19:42.228+00	2018-04-16 15:19:42.231+00	1
58	Мелодичный Кипр вино управление	https://picsum.photos/200/?image=637	2111.57242569849177	2.33333333333333348	7	f	2018-04-16 15:19:42.261+00	2018-04-16 15:19:42.265+00	1
59	Рыба сим-карта пальма светофор дешевый	https://picsum.photos/200/?image=211	2227.96246382267145	3.5	8	f	2018-04-16 15:19:42.29+00	2018-04-16 15:19:42.294+00	7
60	Сим-карта пена управление	https://picsum.photos/200/?image=349	1837.21012966524017	2	8	f	2018-04-16 15:19:42.314+00	2018-04-16 15:19:42.318+00	9
61	Кипр сим-карта страна красиво птица виноград мода	https://picsum.photos/200/?image=394	464.368737790592661	3.66666666666666652	8	f	2018-04-16 15:19:42.355+00	2018-04-16 15:19:42.359+00	3
62	Попугай рука птица	https://picsum.photos/200/?image=619	1326.41383226247649	2.75	3	f	2018-04-16 15:19:42.397+00	2018-04-16 15:19:42.4+00	6
63	Спортзал управление крытый пальма игра	https://picsum.photos/200/?image=489	95.7949388133841353	3.79999999999999982	7	f	2018-04-16 15:19:42.445+00	2018-04-16 15:19:42.448+00	6
64	Красивый страна пляж пирамида река телефон	https://picsum.photos/200/?image=75	2273.34886085153448	1	5	f	2018-04-16 15:19:42.467+00	2018-04-16 15:19:42.47+00	5
65	Тренировки рука лидер футболка	https://picsum.photos/200/?image=995	1517.22098562360998	4.5	8	t	2018-04-16 15:19:42.509+00	2018-04-16 15:19:42.513+00	3
66	Пирамида магнитик лидер карта сим-карта	https://picsum.photos/200/?image=883	2978.03989092381971	3.60000000000000009	5	f	2018-04-16 15:19:42.554+00	2018-04-16 15:19:42.558+00	6
67	Магнитик лидер сим-карта	https://picsum.photos/200/?image=122	1740.95606138492053	4	2	f	2018-04-16 15:19:42.586+00	2018-04-16 15:19:42.589+00	4
68	Взаимосвязанных лимон кофе магнитик	https://picsum.photos/200/?image=775	2593.39540493339928	3.20000000000000018	8	f	2018-04-16 15:19:42.635+00	2018-04-16 15:19:42.639+00	1
69	Пена карта дешевый киви пляж хорошо песок	https://picsum.photos/200/?image=653	1789.98705391823864	3.39999999999999991	7	f	2018-04-16 15:19:42.687+00	2018-04-16 15:19:42.69+00	8
70	Дерево рыба дешевый	https://picsum.photos/200/?image=139	2621.5251131726468	3	5	f	2018-04-16 15:19:42.71+00	2018-04-16 15:19:42.713+00	8
71	Хороший рыба лимон пена сим-карта	https://picsum.photos/200/?image=957	430.409283841166655	0	7	f	2018-04-16 15:19:42.727+00	2018-04-16 15:19:42.73+00	5
73	Красивый ракушка дерево лодка песок	https://picsum.photos/200/?image=943	1056.90876859393393	3	8	f	2018-04-16 15:19:42.82+00	2018-04-16 15:19:42.824+00	5
74	Игра вино дерево карта	https://picsum.photos/200/?image=137	2694.93603362612794	0	4	t	2018-04-16 15:19:42.836+00	2018-04-16 15:19:42.839+00	3
75	Рука магнит светофор	https://picsum.photos/200/?image=371	1693.39973743932796	3.60000000000000009	8	f	2018-04-16 15:19:42.89+00	2018-04-16 15:19:42.893+00	2
77	Управление самодельный хорошо киви корабль дрон	https://picsum.photos/200/?image=655	1851.24110561670818	3.39999999999999991	8	f	2018-04-16 15:19:42.979+00	2018-04-16 15:19:42.982+00	6
78	Машинка победа пена светофор рыба магнит красиво	https://picsum.photos/200/?image=99	1343.72972061952305	4.66666666666666696	6	t	2018-04-16 15:19:43.012+00	2018-04-16 15:19:43.015+00	6
79	Кипр светофор мелодичный виноград победа корабль	https://picsum.photos/200/?image=740	666.351851309201379	3.20000000000000018	7	f	2018-04-16 15:19:43.057+00	2018-04-16 15:19:43.06+00	2
80	Рука киви телефон Кипр хорошо лодка	https://picsum.photos/200/?image=203	2358.58382959360097	2.75	6	f	2018-04-16 15:19:43.097+00	2018-04-16 15:19:43.104+00	1
81	Сим-карта Кипр пена	https://picsum.photos/200/?image=305	2368.77313228637422	3	6	f	2018-04-16 15:19:43.131+00	2018-04-16 15:19:43.135+00	6
82	Рука сделано управление вино река панама	https://picsum.photos/200/?image=187	1907.17265556235429	3.66666666666666652	4	t	2018-04-16 15:19:43.166+00	2018-04-16 15:19:43.169+00	6
83	Хорошо футболка взаимосвязанных	https://picsum.photos/200/?image=419	1332.26593994224368	4.33333333333333304	6	f	2018-04-16 15:19:43.199+00	2018-04-16 15:19:43.202+00	5
84	Спортзал виноград камень чай	https://picsum.photos/200/?image=780	942.524953441055004	4.40000000000000036	5	f	2018-04-16 15:19:43.244+00	2018-04-16 15:19:43.246+00	5
85	Стена рука тренировки сим-карта пляж панама попугай	https://picsum.photos/200/?image=784	2880.03219523066855	0	8	f	2018-04-16 15:19:43.262+00	2018-04-16 15:19:43.265+00	7
86	Пена пилот стена кофе Кипр открытка песок	https://picsum.photos/200/?image=666	910.555651130417232	1	8	f	2018-04-16 15:19:43.281+00	2018-04-16 15:19:43.284+00	8
87	Мармелад дешевый тренировки машина страна красиво пальма	https://picsum.photos/200/?image=227	397.067777314872956	1.5	7	f	2018-04-16 15:19:43.321+00	2018-04-16 15:19:43.324+00	6
88	Хороший лидер сим-карта виноград мода	https://picsum.photos/200/?image=834	546.269735423949214	4	1	f	2018-04-16 15:19:43.342+00	2018-04-16 15:19:43.347+00	1
89	Магнитик красивый сокровища страна киви тренировки открытка	https://picsum.photos/200/?image=352	51.7768646413233284	0	1	f	2018-04-16 15:19:43.361+00	2018-04-16 15:19:43.364+00	4
90	Магнит красиво тренировки чай море Китай страна	https://picsum.photos/200/?image=696	2241.14537308493436	3	1	f	2018-04-16 15:19:43.387+00	2018-04-16 15:19:43.39+00	3
91	Мармелад море пилот мелодичный телефон	https://picsum.photos/200/?image=308	1214.84148252482464	3.5	3	f	2018-04-16 15:19:43.414+00	2018-04-16 15:19:43.418+00	6
92	Победа рыба мармелад мандарин ракушка страна море	https://picsum.photos/200/?image=457	228.550815424719588	3	3	f	2018-04-16 15:19:43.453+00	2018-04-16 15:19:43.456+00	6
93	Корабль стена Китай сокровища	https://picsum.photos/200/?image=810	854.440441428857412	4.33333333333333304	3	f	2018-04-16 15:19:43.485+00	2018-04-16 15:19:43.488+00	8
94	Стена магнитик пляж	https://picsum.photos/200/?image=401	1740.31408675147827	2.66666666666666652	6	f	2018-04-16 15:19:43.519+00	2018-04-16 15:19:43.522+00	1
95	Рыба машина чайник пальма Китай Кипр	https://picsum.photos/200/?image=395	1709.48678457740857	2.66666666666666652	5	f	2018-04-16 15:19:43.554+00	2018-04-16 15:19:43.557+00	6
96	Рыба пальма пилот спортзал карта пена	https://picsum.photos/200/?image=537	839.520664773985686	3.66666666666666652	6	f	2018-04-16 15:19:43.587+00	2018-04-16 15:19:43.589+00	6
98	Машина чай вино панама карта мелодичный	https://picsum.photos/200/?image=682	1986.86024613805193	0	2	f	2018-04-16 15:19:43.624+00	2018-04-16 15:19:43.627+00	2
99	Рыба дешевый киви	https://picsum.photos/200/?image=27	2637.41420848581129	3.66666666666666652	6	f	2018-04-16 15:19:43.654+00	2018-04-16 15:19:43.657+00	9
100	Птица красиво самолет	https://picsum.photos/200/?image=983	2669.08101361563558	3.5	7	f	2018-04-16 15:19:43.694+00	2018-04-16 15:19:43.697+00	7
\.


--
-- Data for Name: tags; Type: TABLE DATA; Schema: public; Owner: postgres
--

COPY tags (id, name, "createdAt", "updatedAt") FROM stdin;
1	handmade	2018-04-16 15:19:40.307+00	2018-04-16 15:19:40.307+00
2	безделушка	2018-04-16 15:19:40.311+00	2018-04-16 15:19:40.311+00
3	магнит	2018-04-16 15:19:40.314+00	2018-04-16 15:19:40.314+00
4	открытка	2018-04-16 15:19:40.319+00	2018-04-16 15:19:40.319+00
5	полезное	2018-04-16 15:19:40.322+00	2018-04-16 15:19:40.322+00
6	ракушка	2018-04-16 15:19:40.326+00	2018-04-16 15:19:40.326+00
7	редкий	2018-04-16 15:19:40.33+00	2018-04-16 15:19:40.33+00
8	техника	2018-04-16 15:19:40.333+00	2018-04-16 15:19:40.333+00
9	хит продаж	2018-04-16 15:19:40.336+00	2018-04-16 15:19:40.336+00
\.


--
-- Data for Name: users; Type: TABLE DATA; Schema: public; Owner: postgres
--

COPY users (id, login, "createdAt", "updatedAt") FROM stdin;
1	batgirl	2018-04-16 15:19:40.087+00	2018-04-16 15:19:40.087+00
2	batman	2018-04-16 15:19:40.097+00	2018-04-16 15:19:40.097+00
3	catwoman	2018-04-16 15:19:40.102+00	2018-04-16 15:19:40.102+00
4	dummy	2018-04-16 15:19:40.106+00	2018-04-16 15:19:40.106+00
5	funnyguy	2018-04-16 15:19:40.109+00	2018-04-16 15:19:40.109+00
6	ironman	2018-04-16 15:19:40.113+00	2018-04-16 15:19:40.113+00
7	justice	2018-04-16 15:19:40.116+00	2018-04-16 15:19:40.116+00
8	knight	2018-04-16 15:19:40.12+00	2018-04-16 15:19:40.12+00
9	panther	2018-04-16 15:19:40.123+00	2018-04-16 15:19:40.123+00
10	pigeon	2018-04-16 15:19:40.126+00	2018-04-16 15:19:40.126+00
11	punisher	2018-04-16 15:19:40.13+00	2018-04-16 15:19:40.13+00
12	steve	2018-04-16 15:19:40.133+00	2018-04-16 15:19:40.133+00
13	stranger	2018-04-16 15:19:40.137+00	2018-04-16 15:19:40.137+00
14	superman	2018-04-16 15:19:40.141+00	2018-04-16 15:19:40.141+00
15	traveler	2018-04-16 15:19:40.145+00	2018-04-16 15:19:40.145+00
\.


--
-- Name: carts_id_seq; Type: SEQUENCE SET; Schema: public; Owner: postgres
--

SELECT pg_catalog.setval('carts_id_seq', 15, true);


--
-- Name: countries_id_seq; Type: SEQUENCE SET; Schema: public; Owner: postgres
--

SELECT pg_catalog.setval('countries_id_seq', 9, true);


--
-- Name: reviews_id_seq; Type: SEQUENCE SET; Schema: public; Owner: postgres
--

SELECT pg_catalog.setval('reviews_id_seq', 248, true);


--
-- Name: souvenirs_id_seq; Type: SEQUENCE SET; Schema: public; Owner: postgres
--

SELECT pg_catalog.setval('souvenirs_id_seq', 100, true);


--
-- Name: tags_id_seq; Type: SEQUENCE SET; Schema: public; Owner: postgres
--

SELECT pg_catalog.setval('tags_id_seq', 9, true);


--
-- Name: users_id_seq; Type: SEQUENCE SET; Schema: public; Owner: postgres
--

SELECT pg_catalog.setval('users_id_seq', 15, true);


--
-- Name: cart_souvenirs cart_souvenirs_pkey; Type: CONSTRAINT; Schema: public; Owner: postgres
--

ALTER TABLE ONLY cart_souvenirs
    ADD CONSTRAINT cart_souvenirs_pkey PRIMARY KEY ("cartId", "souvenirId");


--
-- Name: carts carts_pkey; Type: CONSTRAINT; Schema: public; Owner: postgres
--

ALTER TABLE ONLY carts
    ADD CONSTRAINT carts_pkey PRIMARY KEY (id);


--
-- Name: countries countries_pkey; Type: CONSTRAINT; Schema: public; Owner: postgres
--

ALTER TABLE ONLY countries
    ADD CONSTRAINT countries_pkey PRIMARY KEY (id);


--
-- Name: reviews reviews_pkey; Type: CONSTRAINT; Schema: public; Owner: postgres
--

ALTER TABLE ONLY reviews
    ADD CONSTRAINT reviews_pkey PRIMARY KEY (id);


--
-- Name: souvenir_tags souvenir_tags_pkey; Type: CONSTRAINT; Schema: public; Owner: postgres
--

ALTER TABLE ONLY souvenir_tags
    ADD CONSTRAINT souvenir_tags_pkey PRIMARY KEY ("souvenirId", "tagId");


--
-- Name: souvenirs souvenirs_pkey; Type: CONSTRAINT; Schema: public; Owner: postgres
--

ALTER TABLE ONLY souvenirs
    ADD CONSTRAINT souvenirs_pkey PRIMARY KEY (id);


--
-- Name: tags tags_pkey; Type: CONSTRAINT; Schema: public; Owner: postgres
--

ALTER TABLE ONLY tags
    ADD CONSTRAINT tags_pkey PRIMARY KEY (id);


--
-- Name: users users_login_key; Type: CONSTRAINT; Schema: public; Owner: postgres
--

ALTER TABLE ONLY users
    ADD CONSTRAINT users_login_key UNIQUE (login);


--
-- Name: users users_pkey; Type: CONSTRAINT; Schema: public; Owner: postgres
--

ALTER TABLE ONLY users
    ADD CONSTRAINT users_pkey PRIMARY KEY (id);


--
-- Name: countries_name; Type: INDEX; Schema: public; Owner: postgres
--

CREATE INDEX countries_name ON public.countries USING btree (name);


--
-- Name: cart_souvenirs cart_souvenirs_cartId_fkey; Type: FK CONSTRAINT; Schema: public; Owner: postgres
--

ALTER TABLE ONLY cart_souvenirs
    ADD CONSTRAINT "cart_souvenirs_cartId_fkey" FOREIGN KEY ("cartId") REFERENCES carts(id) ON UPDATE CASCADE ON DELETE CASCADE;


--
-- Name: cart_souvenirs cart_souvenirs_souvenirId_fkey; Type: FK CONSTRAINT; Schema: public; Owner: postgres
--

ALTER TABLE ONLY cart_souvenirs
    ADD CONSTRAINT "cart_souvenirs_souvenirId_fkey" FOREIGN KEY ("souvenirId") REFERENCES souvenirs(id) ON UPDATE CASCADE ON DELETE CASCADE;


--
-- Name: carts carts_userId_fkey; Type: FK CONSTRAINT; Schema: public; Owner: postgres
--

ALTER TABLE ONLY carts
    ADD CONSTRAINT "carts_userId_fkey" FOREIGN KEY ("userId") REFERENCES users(id) ON UPDATE CASCADE ON DELETE SET NULL;


--
-- Name: reviews reviews_souvenirId_fkey; Type: FK CONSTRAINT; Schema: public; Owner: postgres
--

ALTER TABLE ONLY reviews
    ADD CONSTRAINT "reviews_souvenirId_fkey" FOREIGN KEY ("souvenirId") REFERENCES souvenirs(id) ON UPDATE CASCADE ON DELETE SET NULL;


--
-- Name: reviews reviews_userId_fkey; Type: FK CONSTRAINT; Schema: public; Owner: postgres
--

ALTER TABLE ONLY reviews
    ADD CONSTRAINT "reviews_userId_fkey" FOREIGN KEY ("userId") REFERENCES users(id) ON UPDATE CASCADE ON DELETE SET NULL;


--
-- Name: souvenir_tags souvenir_tags_souvenirId_fkey; Type: FK CONSTRAINT; Schema: public; Owner: postgres
--

ALTER TABLE ONLY souvenir_tags
    ADD CONSTRAINT "souvenir_tags_souvenirId_fkey" FOREIGN KEY ("souvenirId") REFERENCES souvenirs(id) ON UPDATE CASCADE ON DELETE CASCADE;


--
-- Name: souvenir_tags souvenir_tags_tagId_fkey; Type: FK CONSTRAINT; Schema: public; Owner: postgres
--

ALTER TABLE ONLY souvenir_tags
    ADD CONSTRAINT "souvenir_tags_tagId_fkey" FOREIGN KEY ("tagId") REFERENCES tags(id) ON UPDATE CASCADE ON DELETE CASCADE;


--
-- Name: souvenirs souvenirs_countryId_fkey; Type: FK CONSTRAINT; Schema: public; Owner: postgres
--

ALTER TABLE ONLY souvenirs
    ADD CONSTRAINT "souvenirs_countryId_fkey" FOREIGN KEY ("countryId") REFERENCES countries(id) ON UPDATE CASCADE ON DELETE SET NULL;


--
-- PostgreSQL database dump complete
--

